<?xml version = '1.0' encoding = 'UTF-8'?>
<Table class="oracle.dbtools.crest.model.design.relational.Table" directorySegmentName="seg_0" id="230D6415-A2F3-C1CA-59BB-783FF0F5150E" name="GENDER">
<createdBy>user</createdBy>
<createdTime>2025-04-30 07:23:23 UTC</createdTime>
<generatorID>380BE70A-16DE-B31E-062F-12E3CDF0D7D2</generatorID>
<ownerDesignName>oo_logical</ownerDesignName>
<allowColumnReorder>false</allowColumnReorder>
<existDependencyGenerateInDDl>true</existDependencyGenerateInDDl>
<parsed>true</parsed>
<columns itemClass="oracle.dbtools.crest.model.design.relational.Column">
<Column name="gender_id" id="7B4BD87B-0310-93F6-33CC-6A5E750C28F5">
<createdBy>user</createdBy>
<createdTime>2025-04-30 07:23:23 UTC</createdTime>
<commentInRDBMS><![CDATA[Gender identifier]]></commentInRDBMS>
<generatorID>9AC8767D-87A9-1F7E-A3E7-7AC438A0E150</generatorID>
<ownerDesignName>oo_logical</ownerDesignName>
<useDomainConstraints>false</useDomainConstraints>
<use>1</use>
<logicalDatatype>LOGDT019</logicalDatatype>
<dataTypePrecision>3</dataTypePrecision>
<ownDataTypeParameters>,3,</ownDataTypeParameters>
<autoIncrementCycle>false</autoIncrementCycle>
</Column>
<Column name="gender_desc" id="F01CDA75-0634-52B6-8828-086D50FCB093">
<createdBy>user</createdBy>
<createdTime>2025-04-30 07:23:23 UTC</createdTime>
<commentInRDBMS><![CDATA[Gender id's description ]]></commentInRDBMS>
<generatorID>6369DA6B-065E-3235-A71C-E5C1AC1420FF</generatorID>
<ownerDesignName>oo_logical</ownerDesignName>
<useDomainConstraints>false</useDomainConstraints>
<use>1</use>
<logicalDatatype>LOGDT024</logicalDatatype>
<dataTypeSize>20</dataTypeSize>
<ownDataTypeParameters>20,,</ownDataTypeParameters>
<autoIncrementCycle>false</autoIncrementCycle>
</Column>
</columns>
<indexes itemClass="oracle.dbtools.crest.model.design.relational.Index">
<ind_PK_UK id="4845C58F-8C86-2DF4-EFE3-0A05A048E5F6" name="GENDER_PK">
<createdBy>user</createdBy>
<createdTime>2025-04-30 07:23:23 UTC</createdTime>
<generatorID>7FF6862C-234E-BD86-FA94-8A18F25B08E1</generatorID>
<ownerDesignName>oo_logical</ownerDesignName>
<pk>true</pk>
<indexState>Primary Constraint</indexState>
<isSurrogateKey>false</isSurrogateKey>
<indexColumnUsage>
<colUsage columnID="7B4BD87B-0310-93F6-33CC-6A5E750C28F5"/>
</indexColumnUsage>
</ind_PK_UK>
</indexes>
</Table>
