<?xml version = '1.0' encoding = 'UTF-8'?>
<Table class="oracle.dbtools.crest.model.design.relational.Table" directorySegmentName="seg_0" id="55339617-50C1-BDAD-1B7E-E63BC4B85D61" name="PASSENGER">
<createdBy>user</createdBy>
<createdTime>2025-04-30 07:23:23 UTC</createdTime>
<generatorID>3AAF9463-60BC-A909-111F-2B6382D02340</generatorID>
<ownerDesignName>oo_logical</ownerDesignName>
<allowColumnReorder>false</allowColumnReorder>
<existDependencyGenerateInDDl>true</existDependencyGenerateInDDl>
<parsed>true</parsed>
<columns itemClass="oracle.dbtools.crest.model.design.relational.Column">
<Column name="pass_id" id="1CF5E949-B888-1EB2-81D0-16133543B883">
<createdBy>user</createdBy>
<createdTime>2025-04-30 07:23:23 UTC</createdTime>
<commentInRDBMS><![CDATA[Passenger identifier
Foreign key to another passenger acting as a guardian (only applicable for minors and named guardian_id)]]></commentInRDBMS>
<generatorID>AE30B609-DC27-2ABC-5B29-D1C666DBF5FC</generatorID>
<ownerDesignName>oo_logical</ownerDesignName>
<useDomainConstraints>false</useDomainConstraints>
<use>1</use>
<logicalDatatype>LOGDT019</logicalDatatype>
<dataTypePrecision>7</dataTypePrecision>
<ownDataTypeParameters>,7,</ownDataTypeParameters>
<autoIncrementCycle>false</autoIncrementCycle>
</Column>
<Column name="pass_fname" id="BEB9619B-C21F-006F-3ED7-F025E15B32AD">
<createdBy>user</createdBy>
<createdTime>2025-04-30 07:23:23 UTC</createdTime>
<commentInRDBMS><![CDATA[Passenger's first name]]></commentInRDBMS>
<generatorID>5AD6DD0E-C9FA-139D-9E30-D5A481355D16</generatorID>
<ownerDesignName>oo_logical</ownerDesignName>
<nullsAllowed>true</nullsAllowed>
<useDomainConstraints>false</useDomainConstraints>
<use>1</use>
<logicalDatatype>LOGDT024</logicalDatatype>
<dataTypeSize>50</dataTypeSize>
<ownDataTypeParameters>50,,</ownDataTypeParameters>
<autoIncrementCycle>false</autoIncrementCycle>
</Column>
<Column name="pass_lname" id="2E4F9759-42B9-486C-1817-D75E75B35FC5">
<createdBy>user</createdBy>
<createdTime>2025-04-30 07:23:23 UTC</createdTime>
<commentInRDBMS><![CDATA[Passenger's last name]]></commentInRDBMS>
<generatorID>337D2B61-0339-C9E0-D265-17EE43051B39</generatorID>
<ownerDesignName>oo_logical</ownerDesignName>
<nullsAllowed>true</nullsAllowed>
<useDomainConstraints>false</useDomainConstraints>
<use>1</use>
<logicalDatatype>LOGDT024</logicalDatatype>
<dataTypeSize>50</dataTypeSize>
<ownDataTypeParameters>50,,</ownDataTypeParameters>
<autoIncrementCycle>false</autoIncrementCycle>
</Column>
<Column name="pass_dob" id="A3E4E19A-FB95-9ADB-5634-43F2AEED43BC">
<createdBy>user</createdBy>
<createdTime>2025-04-30 07:23:23 UTC</createdTime>
<commentInRDBMS><![CDATA[Passenger's date of birth]]></commentInRDBMS>
<generatorID>4A99C8D6-890C-488A-AB51-B7141C073F81</generatorID>
<ownerDesignName>oo_logical</ownerDesignName>
<useDomainConstraints>false</useDomainConstraints>
<use>1</use>
<logicalDatatype>LOGDT007</logicalDatatype>
<ownDataTypeParameters>,,</ownDataTypeParameters>
<autoIncrementCycle>false</autoIncrementCycle>
</Column>
<Column name="pass_phone" id="51BA2734-BA94-DD9B-22FB-1742E01DAEFC">
<createdBy>user</createdBy>
<createdTime>2025-04-30 07:23:23 UTC</createdTime>
<commentInRDBMS><![CDATA[Phone number of passenger]]></commentInRDBMS>
<generatorID>DDEBF7F3-93D5-D27A-0459-47D90E24D985</generatorID>
<ownerDesignName>oo_logical</ownerDesignName>
<nullsAllowed>true</nullsAllowed>
<useDomainConstraints>false</useDomainConstraints>
<use>1</use>
<logicalDatatype>LOGDT024</logicalDatatype>
<dataTypeSize>20</dataTypeSize>
<ownDataTypeParameters>20,,</ownDataTypeParameters>
<autoIncrementCycle>false</autoIncrementCycle>
</Column>
<Column name="guardian_id" id="DC607CC3-20DC-C397-F91C-743215059845">
<createdBy>user</createdBy>
<createdTime>2025-04-30 07:23:23 UTC</createdTime>
<commentInRDBMS><![CDATA[Passenger identifier
Foreign key to another passenger acting as a guardian (only applicable for minors and named guardian_id)]]></commentInRDBMS>
<generatorID>5B3B3C98-5BC6-9637-7141-C5872E018B52</generatorID>
<ownerDesignName>oo_logical</ownerDesignName>
<nullsAllowed>true</nullsAllowed>
<useDomainConstraints>false</useDomainConstraints>
<use>1</use>
<logicalDatatype>LOGDT019</logicalDatatype>
<dataTypePrecision>7</dataTypePrecision>
<ownDataTypeParameters>,,</ownDataTypeParameters>
<previousColumn>false</previousColumn>
<autoIncrementCycle>false</autoIncrementCycle>
<associations>
<colAssociation fkAssociation="F35B41EA-3712-13B7-CD84-90021527A1C8" referredColumn="1CF5E949-B888-1EB2-81D0-16133543B883"/>
</associations>
</Column>
<Column name="add_id" id="764D56D4-4F14-BF19-8A55-EA3E05163820">
<createdBy>user</createdBy>
<createdTime>2025-04-30 07:23:23 UTC</createdTime>
<commentInRDBMS><![CDATA[Address identifier (surrogate key)]]></commentInRDBMS>
<generatorID>CB8C1FFD-B432-71B1-2047-F749B22DF092</generatorID>
<ownerDesignName>oo_logical</ownerDesignName>
<useDomainConstraints>false</useDomainConstraints>
<use>1</use>
<logicalDatatype>LOGDT019</logicalDatatype>
<dataTypePrecision>7</dataTypePrecision>
<ownDataTypeParameters>,,</ownDataTypeParameters>
<previousColumn>false</previousColumn>
<autoIncrementCycle>false</autoIncrementCycle>
<associations>
<colAssociation fkAssociation="EEAEEBFD-D1FE-A091-A1B5-40AD8CDF45F0" referredColumn="5A1394FD-BD49-A998-6F26-258B4A706E2D"/>
</associations>
</Column>
<Column name="gender_id" id="D06548E8-0CF6-52F6-5AC1-E50A521E9DDF">
<createdBy>user</createdBy>
<createdTime>2025-04-30 07:23:23 UTC</createdTime>
<commentInRDBMS><![CDATA[Gender identifier]]></commentInRDBMS>
<generatorID>31297D7A-E506-0ABB-88B5-01C311E0E5B1</generatorID>
<ownerDesignName>oo_logical</ownerDesignName>
<useDomainConstraints>false</useDomainConstraints>
<use>1</use>
<logicalDatatype>LOGDT019</logicalDatatype>
<dataTypePrecision>3</dataTypePrecision>
<ownDataTypeParameters>,,</ownDataTypeParameters>
<previousColumn>false</previousColumn>
<autoIncrementCycle>false</autoIncrementCycle>
<associations>
<colAssociation fkAssociation="554CBE03-FAB7-9DAF-3835-00BB9C88A22A" referredColumn="7B4BD87B-0310-93F6-33CC-6A5E750C28F5"/>
</associations>
</Column>
</columns>
<indexes itemClass="oracle.dbtools.crest.model.design.relational.Index">
<ind_PK_UK id="11ED1EA4-5CEC-C16D-6AAE-7694AA0804B1" name="PASSENGER_PK">
<createdBy>user</createdBy>
<createdTime>2025-04-30 07:23:23 UTC</createdTime>
<generatorID>3A0F181A-6487-5869-B292-7A6F5C595BE5</generatorID>
<ownerDesignName>oo_logical</ownerDesignName>
<pk>true</pk>
<indexState>Primary Constraint</indexState>
<isSurrogateKey>false</isSurrogateKey>
<indexColumnUsage>
<colUsage columnID="1CF5E949-B888-1EB2-81D0-16133543B883"/>
</indexColumnUsage>
</ind_PK_UK>
<ind_PK_UK id="A8D8C739-6362-D6DB-E062-B21EBBFC68AB" name="add_pass_fk">
<createdBy>user</createdBy>
<createdTime>2025-04-30 07:23:23 UTC</createdTime>
<generatorID>40FD5132-35D8-561C-7F4C-8807CD8A5E4A</generatorID>
<ownerDesignName>oo_logical</ownerDesignName>
<indexState>Foreign Key</indexState>
<isSurrogateKey>false</isSurrogateKey>
<indexColumnUsage>
<colUsage columnID="764D56D4-4F14-BF19-8A55-EA3E05163820"/>
</indexColumnUsage>
</ind_PK_UK>
<ind_PK_UK id="047F5556-0B62-A396-202B-3390E5439E74" name="gender_passenger_fk">
<createdBy>user</createdBy>
<createdTime>2025-04-30 07:23:23 UTC</createdTime>
<generatorID>09397EEF-7D54-2EA2-C040-196B047C8415</generatorID>
<ownerDesignName>oo_logical</ownerDesignName>
<indexState>Foreign Key</indexState>
<isSurrogateKey>false</isSurrogateKey>
<indexColumnUsage>
<colUsage columnID="D06548E8-0CF6-52F6-5AC1-E50A521E9DDF"/>
</indexColumnUsage>
</ind_PK_UK>
<ind_PK_UK id="B18745EB-E349-ABBB-5E4D-BF7D079E4136" name="pass_pass_fk">
<createdBy>user</createdBy>
<createdTime>2025-04-30 07:23:23 UTC</createdTime>
<generatorID>AB130163-10DD-72DD-C7F6-435F41D81F33</generatorID>
<ownerDesignName>oo_logical</ownerDesignName>
<indexState>Foreign Key</indexState>
<isSurrogateKey>false</isSurrogateKey>
<indexColumnUsage>
<colUsage columnID="DC607CC3-20DC-C397-F91C-743215059845"/>
</indexColumnUsage>
</ind_PK_UK>
</indexes>
</Table>
