<?xml version = '1.0' encoding = 'UTF-8'?>
<Table class="oracle.dbtools.crest.model.design.relational.Table" directorySegmentName="seg_0" id="7541D316-1A67-6D9B-FC03-84A75D7751E2" name="PORT">
<createdBy>user</createdBy>
<createdTime>2025-04-30 07:23:23 UTC</createdTime>
<generatorID>92B3E881-2EA2-837B-0DB5-FD61320FA0E1</generatorID>
<ownerDesignName>oo_logical</ownerDesignName>
<allowColumnReorder>false</allowColumnReorder>
<existDependencyGenerateInDDl>true</existDependencyGenerateInDDl>
<parsed>true</parsed>
<columns itemClass="oracle.dbtools.crest.model.design.relational.Column">
<Column name="port_code" id="2AD630BA-9CB7-DEF3-E3F7-9E8215DE84C0">
<createdBy>user</createdBy>
<createdTime>2025-04-30 07:23:23 UTC</createdTime>
<commentInRDBMS><![CDATA[Port code identifier]]></commentInRDBMS>
<generatorID>BD319233-F8B5-D4BE-0F63-324A1092E753</generatorID>
<ownerDesignName>oo_logical</ownerDesignName>
<useDomainConstraints>false</useDomainConstraints>
<use>1</use>
<logicalDatatype>LOGDT025</logicalDatatype>
<dataTypeSize>5</dataTypeSize>
<ownDataTypeParameters>5,,</ownDataTypeParameters>
<autoIncrementCycle>false</autoIncrementCycle>
</Column>
<Column name="port_name" id="6970EBEB-B38F-1369-73AC-2C37DD497B61">
<createdBy>user</createdBy>
<createdTime>2025-04-30 07:23:23 UTC</createdTime>
<commentInRDBMS><![CDATA[Name of port]]></commentInRDBMS>
<generatorID>29107009-700E-DC38-036B-152DBB423628</generatorID>
<ownerDesignName>oo_logical</ownerDesignName>
<useDomainConstraints>false</useDomainConstraints>
<use>1</use>
<logicalDatatype>LOGDT024</logicalDatatype>
<dataTypeSize>100</dataTypeSize>
<ownDataTypeParameters>100,,</ownDataTypeParameters>
<autoIncrementCycle>false</autoIncrementCycle>
</Column>
<Column name="port_latitude" id="D2565059-5979-F6BB-C010-672789E5C885">
<createdBy>user</createdBy>
<createdTime>2025-04-30 07:23:23 UTC</createdTime>
<commentInRDBMS><![CDATA[Latitude of port]]></commentInRDBMS>
<generatorID>72E243F6-3409-DF13-3605-FF808F46B20C</generatorID>
<ownerDesignName>oo_logical</ownerDesignName>
<useDomainConstraints>false</useDomainConstraints>
<use>1</use>
<logicalDatatype>LOGDT019</logicalDatatype>
<dataTypePrecision>8</dataTypePrecision>
<dataTypeScale>6</dataTypeScale>
<ownDataTypeParameters>,8,6</ownDataTypeParameters>
<autoIncrementCycle>false</autoIncrementCycle>
</Column>
<Column name="port_longitude" id="7AE12C54-5DDD-C4D1-8E15-E1AC08022339">
<createdBy>user</createdBy>
<createdTime>2025-04-30 07:23:23 UTC</createdTime>
<commentInRDBMS><![CDATA[Longitude of port]]></commentInRDBMS>
<generatorID>4944139A-A13E-F4E6-514C-07289AE3824C</generatorID>
<ownerDesignName>oo_logical</ownerDesignName>
<useDomainConstraints>false</useDomainConstraints>
<use>1</use>
<logicalDatatype>LOGDT019</logicalDatatype>
<dataTypePrecision>9</dataTypePrecision>
<dataTypeScale>6</dataTypeScale>
<ownDataTypeParameters>,9,6</ownDataTypeParameters>
<autoIncrementCycle>false</autoIncrementCycle>
</Column>
<Column name="country_code" id="B2910542-BE3D-DD0E-4570-48BD92314FA2">
<createdBy>user</createdBy>
<createdTime>2025-04-30 07:23:23 UTC</createdTime>
<commentInRDBMS><![CDATA[Country code act as identifier]]></commentInRDBMS>
<generatorID>91049D1E-8FCB-4B92-1054-C02CA447B81F</generatorID>
<ownerDesignName>oo_logical</ownerDesignName>
<useDomainConstraints>false</useDomainConstraints>
<use>1</use>
<logicalDatatype>LOGDT025</logicalDatatype>
<dataTypeSize>3</dataTypeSize>
<ownDataTypeParameters>,,</ownDataTypeParameters>
<previousColumn>false</previousColumn>
<autoIncrementCycle>false</autoIncrementCycle>
<associations>
<colAssociation fkAssociation="B9C7D7BA-7F0C-9FE9-0B31-1DF94C0C2B96" referredColumn="3D02F3BC-4EEA-6899-1689-E9AA619A32B9"/>
</associations>
</Column>
</columns>
<indexes itemClass="oracle.dbtools.crest.model.design.relational.Index">
<ind_PK_UK id="9F3DA24A-7286-7EBD-5D17-82B883E98061" name="PORT_PK">
<createdBy>user</createdBy>
<createdTime>2025-04-30 07:23:23 UTC</createdTime>
<generatorID>6E127FA1-9938-ED5F-06FA-6D0903E8DC6B</generatorID>
<ownerDesignName>oo_logical</ownerDesignName>
<pk>true</pk>
<indexState>Primary Constraint</indexState>
<isSurrogateKey>false</isSurrogateKey>
<indexColumnUsage>
<colUsage columnID="2AD630BA-9CB7-DEF3-E3F7-9E8215DE84C0"/>
</indexColumnUsage>
</ind_PK_UK>
<ind_PK_UK id="6E7F414C-D47E-D931-B81B-4A18A51B75EB" name="country_port_fk">
<createdBy>user</createdBy>
<createdTime>2025-04-30 07:23:23 UTC</createdTime>
<generatorID>A3B7D187-146D-5DEA-A29A-93071963F92E</generatorID>
<ownerDesignName>oo_logical</ownerDesignName>
<indexState>Foreign Key</indexState>
<isSurrogateKey>false</isSurrogateKey>
<indexColumnUsage>
<colUsage columnID="B2910542-BE3D-DD0E-4570-48BD92314FA2"/>
</indexColumnUsage>
</ind_PK_UK>
</indexes>
</Table>
