<?xml version = '1.0' encoding = 'UTF-8'?>
<Table class="oracle.dbtools.crest.model.design.relational.Table" directorySegmentName="seg_0" id="CEC86737-B087-895B-9AE3-AE48B6A2198A" name="CABIN">
<createdBy>user</createdBy>
<createdTime>2025-04-30 07:23:23 UTC</createdTime>
<generatorID>93D72253-06D1-927B-F39F-B57562FA210A</generatorID>
<ownerDesignName>oo_logical</ownerDesignName>
<allowColumnReorder>false</allowColumnReorder>
<existDependencyGenerateInDDl>true</existDependencyGenerateInDDl>
<parsed>true</parsed>
<columns itemClass="oracle.dbtools.crest.model.design.relational.Column">
<Column name="cabin_no" id="A07975D1-27E3-CCF7-1E33-8616628478F5">
<createdBy>user</createdBy>
<createdTime>2025-04-30 07:23:23 UTC</createdTime>
<commentInRDBMS><![CDATA[Cabin unique number identifier]]></commentInRDBMS>
<generatorID>EDEB26E6-9C6A-24A5-4B06-86BD5118D1CB</generatorID>
<ownerDesignName>oo_logical</ownerDesignName>
<useDomainConstraints>false</useDomainConstraints>
<use>1</use>
<logicalDatatype>LOGDT024</logicalDatatype>
<dataTypeSize>7</dataTypeSize>
<ownDataTypeParameters>7,,</ownDataTypeParameters>
<autoIncrementCycle>false</autoIncrementCycle>
</Column>
<Column name="ship_code" id="C4C0E599-753A-1374-A993-C9812C4D622D">
<createdBy>user</createdBy>
<createdTime>2025-04-30 07:23:23 UTC</createdTime>
<commentInRDBMS><![CDATA[Ship identifier]]></commentInRDBMS>
<generatorID>CCEF7095-C7E8-2BC9-5E48-1A0564C9231A</generatorID>
<ownerDesignName>oo_logical</ownerDesignName>
<useDomainConstraints>false</useDomainConstraints>
<use>1</use>
<logicalDatatype>LOGDT019</logicalDatatype>
<dataTypePrecision>7</dataTypePrecision>
<ownDataTypeParameters>,,</ownDataTypeParameters>
<previousColumn>false</previousColumn>
<autoIncrementCycle>false</autoIncrementCycle>
<associations>
<colAssociation fkAssociation="EDA95633-1C68-BBB7-DB38-23C227D9B98C" referredColumn="75DA6AED-AD98-2F40-1DA0-6D995FA0E806"/>
</associations>
</Column>
<Column name="cabin_sleep_capacity" id="EE1BFDFA-BC26-B4B8-AA1E-0943FDCBC7CB">
<createdBy>user</createdBy>
<createdTime>2025-04-30 07:23:23 UTC</createdTime>
<commentInRDBMS><![CDATA[Cabin's sleeping capacity]]></commentInRDBMS>
<generatorID>3D374F3C-278B-D556-E29A-6A00862DD721</generatorID>
<ownerDesignName>oo_logical</ownerDesignName>
<useDomainConstraints>false</useDomainConstraints>
<use>1</use>
<logicalDatatype>LOGDT019</logicalDatatype>
<dataTypePrecision>3</dataTypePrecision>
<ownDataTypeParameters>,3,</ownDataTypeParameters>
<autoIncrementCycle>false</autoIncrementCycle>
</Column>
<Column name="cabin_class" id="934B744D-BE7B-EA99-727E-A18EDBAE33AD">
<createdBy>user</createdBy>
<createdTime>2025-04-30 07:23:23 UTC</createdTime>
<commentInRDBMS><![CDATA[Cabin's class (I -Interior, O- Ocean view , B-Balcony, S- Suite)]]></commentInRDBMS>
<generatorID>55428391-A504-60BF-046A-3CD6641A4EDA</generatorID>
<ownerDesignName>oo_logical</ownerDesignName>
<constraintName>chk_cabinclass</constraintName>
<useDomainConstraints>false</useDomainConstraints>
<use>1</use>
<logicalDatatype>LOGDT025</logicalDatatype>
<dataTypeSize>1</dataTypeSize>
<listOfValues>
<valueDef value="B" description="Balcony"/>
<valueDef value="I" description="Interior"/>
<valueDef value="O" description="Ocean view"/>
<valueDef value="S" description="Suite"/>
</listOfValues>
<ownDataTypeParameters>1,,</ownDataTypeParameters>
<autoIncrementCycle>false</autoIncrementCycle>
</Column>
</columns>
<indexes itemClass="oracle.dbtools.crest.model.design.relational.Index">
<ind_PK_UK id="1E0FF979-6377-4E20-A375-23469714E3FB" name="CABIN_PK">
<createdBy>user</createdBy>
<createdTime>2025-04-30 07:23:23 UTC</createdTime>
<generatorID>A3DA295D-9604-AFAE-5834-18FFA2BC8C2C</generatorID>
<ownerDesignName>oo_logical</ownerDesignName>
<pk>true</pk>
<indexState>Primary Constraint</indexState>
<isSurrogateKey>false</isSurrogateKey>
<indexColumnUsage>
<colUsage columnID="A07975D1-27E3-CCF7-1E33-8616628478F5"/>
<colUsage columnID="C4C0E599-753A-1374-A993-C9812C4D622D"/>
</indexColumnUsage>
</ind_PK_UK>
<ind_PK_UK id="FF800794-C976-B401-7A3B-1EFDE5FCE25E" name="ship_cabin_fk">
<createdBy>user</createdBy>
<createdTime>2025-04-30 07:23:23 UTC</createdTime>
<generatorID>25F01CBD-3778-90D2-B336-F3AEF62593CE</generatorID>
<ownerDesignName>oo_logical</ownerDesignName>
<indexState>Foreign Key</indexState>
<isSurrogateKey>false</isSurrogateKey>
<indexColumnUsage>
<colUsage columnID="C4C0E599-753A-1374-A993-C9812C4D622D"/>
</indexColumnUsage>
</ind_PK_UK>
</indexes>
</Table>
