<?xml version = '1.0' encoding = 'UTF-8'?>
<Diagram class="oracle.dbtools.crest.swingui.relational.DPVRelational" name="Relational_1" id="9D0BEE9B-857B-C77F-C712-6FD091A21D8D">
<createdBy>Ang Qiao Xin 33520054</createdBy>
<modifiedBy>Ang Qiao Xin 33520054</modifiedBy>
<createdTime>2025-04-21 05:59:04 UTC</createdTime>
<autoRoute>false</autoRoute>
<boxInbox>true</boxInbox>
<showLegend>true</showLegend>
<showLabels>false</showLabels>
<showRelAttributes>false</showRelAttributes>
<gridEnabled>false</gridEnabled>
<showGrid>false</showGrid>
<diagramColor>-1</diagramColor>
<display>false</display>
<notation>1</notation>
<objectViews>
<OView class="oracle.dbtools.crest.swingui.relational.TVTable" oid="06C2D189-12A8-4333-C9F3-67C2458AFEE1" otype="Table" vid="448BE960-548B-C026-AB28-0B8AC6944FDA">
<hideElementsInCurrentOnly>false</hideElementsInCurrentOnly>
<bounds x="288" y="222" width="251" height="178"/>
</OView>
<OView class="oracle.dbtools.crest.swingui.relational.TVTable" oid="230D6415-A2F3-C1CA-59BB-783FF0F5150E" otype="Table" vid="AB9C36A0-E695-1CB7-12E3-B0152DEC1225">
<hideElementsInCurrentOnly>false</hideElementsInCurrentOnly>
<bounds x="275" y="762" width="196" height="74"/>
</OView>
<OView class="oracle.dbtools.crest.swingui.relational.TVTable" oid="3FD75F38-28A5-3A72-9195-F00306E5E93E" otype="Table" vid="AC79B8C4-8856-6917-A806-6A1B16FFA85C">
<hideElementsInCurrentOnly>false</hideElementsInCurrentOnly>
<bounds x="609" y="453" width="234" height="164"/>
</OView>
<OView class="oracle.dbtools.crest.swingui.relational.TVTable" oid="536EBC26-687B-5B9F-4B8B-8CDD28774F55" otype="Table" vid="04340E92-03D5-4F3C-E950-57DB3DF4C5C1">
<hideElementsInCurrentOnly>false</hideElementsInCurrentOnly>
<bounds x="942" y="1023" width="200" height="74"/>
</OView>
<OView class="oracle.dbtools.crest.swingui.relational.TVTable" oid="53DC5A0F-E3D1-4654-73EF-C3B899FA8DB8" otype="Table" vid="EBBD5D49-6B86-5F19-531E-6FA131B281C2">
<hideElementsInCurrentOnly>false</hideElementsInCurrentOnly>
<bounds x="21" y="265" width="216" height="102"/>
</OView>
<OView class="oracle.dbtools.crest.swingui.relational.TVTable" oid="55339617-50C1-BDAD-1B7E-E63BC4B85D61" otype="Table" vid="95B7870B-D7F4-CBC3-30EF-C2ED2C4FDEA7">
<hideElementsInCurrentOnly>false</hideElementsInCurrentOnly>
<bounds x="619" y="694" width="192" height="206"/>
</OView>
<OView class="oracle.dbtools.crest.swingui.relational.TVTable" oid="6C1F6E91-151C-EAED-CA51-7B056B3C84A3" otype="Table" vid="B5247647-75D7-6A90-EC1F-2585E43A8076">
<hideElementsInCurrentOnly>false</hideElementsInCurrentOnly>
<bounds x="936" y="226" width="225" height="136"/>
</OView>
<OView class="oracle.dbtools.crest.swingui.relational.TVTable" oid="7541D316-1A67-6D9B-FC03-84A75D7751E2" otype="Table" vid="28F9B68E-A7AF-029C-A71B-F9B44279E66B">
<hideElementsInCurrentOnly>false</hideElementsInCurrentOnly>
<bounds x="942" y="572" width="210" height="136"/>
</OView>
<OView class="oracle.dbtools.crest.swingui.relational.TVTable" oid="947FB748-ABC8-1AE8-2F8D-4974986DD905" otype="Table" vid="62D10A6F-A35A-FBDA-3616-51A856BFADB0">
<hideElementsInCurrentOnly>false</hideElementsInCurrentOnly>
<bounds x="605" y="223" width="253" height="150"/>
</OView>
<OView class="oracle.dbtools.crest.swingui.relational.TVTable" oid="CEC86737-B087-895B-9AE3-AE48B6A2198A" otype="Table" vid="4185EB01-6998-093B-D299-DD9F77C7858C">
<hideElementsInCurrentOnly>false</hideElementsInCurrentOnly>
<bounds x="286" y="486" width="234" height="122"/>
</OView>
<OView class="oracle.dbtools.crest.swingui.relational.TVTable" oid="D5D472D3-7B95-0F2D-F962-A5D0D717BDB3" otype="Table" vid="8DC76EDF-3FE7-75E4-731F-9FE3A72BC658">
<hideElementsInCurrentOnly>false</hideElementsInCurrentOnly>
<bounds x="487" y="977" width="377" height="150"/>
</OView>
<OView class="oracle.dbtools.crest.swingui.TVLegend" oid="E9ADDB18-A990-8063-6517-5D3F5D53CAAF" otype="Legend" vid="F35D704D-35A0-7E41-0200-067F2B4E870B">
<hideElementsInCurrentOnly>false</hideElementsInCurrentOnly>
<bounds x="10" y="10" width="257" height="135"/>
</OView>
</objectViews>
<connectors>
<Connector class="oracle.dbtools.crest.swingui.relational.TVFKRelation" oid="304E682D-46E5-7945-7EB8-15263F681EB2" otype="FKIndexAssociation" vid_source="448BE960-548B-C026-AB28-0B8AC6944FDA" vid_target="62D10A6F-A35A-FBDA-3616-51A856BFADB0">
<hideElementsInCurrentOnly>false</hideElementsInCurrentOnly>
<backgroundColor>-16777216</backgroundColor>
<lineWidth>1</lineWidth>
<points>
<point x="539" y="298"/>
<point x="605" y="298"/>
</points>
</Connector>
<Connector class="oracle.dbtools.crest.swingui.relational.TVFKRelation" oid="32276368-F91D-EE2A-C59A-B72B1FFB7B11" otype="FKIndexAssociation" vid_source="62D10A6F-A35A-FBDA-3616-51A856BFADB0" vid_target="B5247647-75D7-6A90-EC1F-2585E43A8076">
<hideElementsInCurrentOnly>false</hideElementsInCurrentOnly>
<backgroundColor>-16777216</backgroundColor>
<lineWidth>1</lineWidth>
<points>
<point x="858" y="294"/>
<point x="936" y="294"/>
</points>
</Connector>
<Connector class="oracle.dbtools.crest.swingui.relational.TVFKRelation" oid="554CBE03-FAB7-9DAF-3835-00BB9C88A22A" otype="FKIndexAssociation" vid_source="AB9C36A0-E695-1CB7-12E3-B0152DEC1225" vid_target="95B7870B-D7F4-CBC3-30EF-C2ED2C4FDEA7">
<hideElementsInCurrentOnly>false</hideElementsInCurrentOnly>
<backgroundColor>-16777216</backgroundColor>
<lineWidth>1</lineWidth>
<points>
<point x="471" y="799"/>
<point x="619" y="799"/>
</points>
</Connector>
<Connector class="oracle.dbtools.crest.swingui.relational.TVFKRelation" oid="9A5DE60F-DD7F-B588-20E7-939F4D810049" otype="FKIndexAssociation" vid_source="4185EB01-6998-093B-D299-DD9F77C7858C" vid_target="AC79B8C4-8856-6917-A806-6A1B16FFA85C">
<hideElementsInCurrentOnly>false</hideElementsInCurrentOnly>
<backgroundColor>-16777216</backgroundColor>
<lineWidth>1</lineWidth>
<points>
<point x="520" y="547"/>
<point x="609" y="547"/>
</points>
</Connector>
<Connector class="oracle.dbtools.crest.swingui.relational.TVFKRelation" oid="A1C33C41-2378-AD9F-2E02-8EC4C95B96A0" otype="FKIndexAssociation" vid_source="28F9B68E-A7AF-029C-A71B-F9B44279E66B" vid_target="B5247647-75D7-6A90-EC1F-2585E43A8076">
<hideElementsInCurrentOnly>false</hideElementsInCurrentOnly>
<backgroundColor>-16777216</backgroundColor>
<lineWidth>1</lineWidth>
<points>
<point x="1047" y="572"/>
<point x="1047" y="362"/>
</points>
</Connector>
<Connector class="oracle.dbtools.crest.swingui.relational.TVFKRelation" oid="B34C91FA-2056-833B-57D3-E61ABE09446D" otype="FKIndexAssociation" vid_source="62D10A6F-A35A-FBDA-3616-51A856BFADB0" vid_target="AC79B8C4-8856-6917-A806-6A1B16FFA85C">
<hideElementsInCurrentOnly>false</hideElementsInCurrentOnly>
<backgroundColor>-16777216</backgroundColor>
<lineWidth>1</lineWidth>
<points>
<point x="726" y="373"/>
<point x="726" y="453"/>
</points>
</Connector>
<Connector class="oracle.dbtools.crest.swingui.relational.TVFKRelation" oid="B40F8448-92DC-4735-B476-013272E3BA5F" otype="FKIndexAssociation" vid_source="04340E92-03D5-4F3C-E950-57DB3DF4C5C1" vid_target="8DC76EDF-3FE7-75E4-731F-9FE3A72BC658">
<hideElementsInCurrentOnly>false</hideElementsInCurrentOnly>
<backgroundColor>-16777216</backgroundColor>
<lineWidth>1</lineWidth>
<points>
<point x="942" y="1060"/>
<point x="864" y="1060"/>
</points>
</Connector>
<Connector class="oracle.dbtools.crest.swingui.relational.TVFKRelation" oid="B9C7D7BA-7F0C-9FE9-0B31-1DF94C0C2B96" otype="FKIndexAssociation" vid_source="04340E92-03D5-4F3C-E950-57DB3DF4C5C1" vid_target="28F9B68E-A7AF-029C-A71B-F9B44279E66B">
<hideElementsInCurrentOnly>false</hideElementsInCurrentOnly>
<backgroundColor>-16777216</backgroundColor>
<lineWidth>1</lineWidth>
<points>
<point x="1042" y="1023"/>
<point x="1042" y="708"/>
</points>
</Connector>
<Connector class="oracle.dbtools.crest.swingui.relational.TVFKRelation" oid="C1075ED4-471B-B8CD-22F0-E94B0B8C3E0E" otype="FKIndexAssociation" vid_source="04340E92-03D5-4F3C-E950-57DB3DF4C5C1" vid_target="448BE960-548B-C026-AB28-0B8AC6944FDA">
<hideElementsInCurrentOnly>false</hideElementsInCurrentOnly>
<backgroundColor>-16777216</backgroundColor>
<lineWidth>1</lineWidth>
<points>
<point x="1142" y="1066"/>
<point x="1202" y="1066"/>
<point x="1208" y="177"/>
<point x="395" y="174"/>
<point x="395" y="222"/>
</points>
</Connector>
<Connector class="oracle.dbtools.crest.swingui.relational.TVFKRelation" oid="CBC03C0E-A90D-73FC-E7EE-4A3D29A9CA66" otype="FKIndexAssociation" vid_source="95B7870B-D7F4-CBC3-30EF-C2ED2C4FDEA7" vid_target="AC79B8C4-8856-6917-A806-6A1B16FFA85C">
<hideElementsInCurrentOnly>false</hideElementsInCurrentOnly>
<backgroundColor>-16777216</backgroundColor>
<lineWidth>1</lineWidth>
<points>
<point x="715" y="694"/>
<point x="715" y="617"/>
</points>
</Connector>
<Connector class="oracle.dbtools.crest.swingui.relational.TVFKRelation" oid="D1EA08DB-6DAE-4427-A452-62FF5E1D901F" otype="FKIndexAssociation" vid_source="EBBD5D49-6B86-5F19-531E-6FA131B281C2" vid_target="448BE960-548B-C026-AB28-0B8AC6944FDA">
<hideElementsInCurrentOnly>false</hideElementsInCurrentOnly>
<backgroundColor>-16777216</backgroundColor>
<lineWidth>1</lineWidth>
<points>
<point x="237" y="316"/>
<point x="288" y="316"/>
</points>
</Connector>
<Connector class="oracle.dbtools.crest.swingui.relational.TVFKRelation" oid="EDA95633-1C68-BBB7-DB38-23C227D9B98C" otype="FKIndexAssociation" vid_source="448BE960-548B-C026-AB28-0B8AC6944FDA" vid_target="4185EB01-6998-093B-D299-DD9F77C7858C">
<hideElementsInCurrentOnly>false</hideElementsInCurrentOnly>
<backgroundColor>-16777216</backgroundColor>
<lineWidth>1</lineWidth>
<points>
<point x="404" y="400"/>
<point x="404" y="486"/>
</points>
</Connector>
<Connector class="oracle.dbtools.crest.swingui.relational.TVFKRelation" oid="EEAEEBFD-D1FE-A091-A1B5-40AD8CDF45F0" otype="FKIndexAssociation" vid_source="8DC76EDF-3FE7-75E4-731F-9FE3A72BC658" vid_target="95B7870B-D7F4-CBC3-30EF-C2ED2C4FDEA7">
<hideElementsInCurrentOnly>false</hideElementsInCurrentOnly>
<backgroundColor>-16777216</backgroundColor>
<lineWidth>1</lineWidth>
<points>
<point x="715" y="977"/>
<point x="715" y="900"/>
</points>
</Connector>
<Connector class="oracle.dbtools.crest.swingui.relational.TVFKRelation" oid="F35B41EA-3712-13B7-CD84-90021527A1C8" otype="FKIndexAssociation" vid_source="95B7870B-D7F4-CBC3-30EF-C2ED2C4FDEA7" vid_target="95B7870B-D7F4-CBC3-30EF-C2ED2C4FDEA7">
<hideElementsInCurrentOnly>false</hideElementsInCurrentOnly>
<backgroundColor>-16777216</backgroundColor>
<lineWidth>1</lineWidth>
<points>
<point x="781" y="703"/>
<point x="781" y="732"/>
<point x="782" y="806"/>
<point x="781" y="805"/>
<point x="781" y="809"/>
</points>
</Connector>
</connectors>
</Diagram>
