<?xml version = '1.0' encoding = 'UTF-8'?>
<FKIndexAssociation class="oracle.dbtools.crest.model.design.relational.FKIndexAssociation" directorySegmentName="seg_0" id="32276368-F91D-EE2A-C59A-B72B1FFB7B11" containerWithKeyObject="6C1F6E91-151C-EAED-CA51-7B056B3C84A3" localFKIndex="BDBF77AD-9A91-F82B-B679-5C88C02D190A" name="cruise_itinerary_fk">
<createdBy>user</createdBy>
<createdTime>2025-04-30 07:23:23 UTC</createdTime>
<generatorID>8938FBC5-1954-8BEA-9F20-B3459B554123</generatorID>
<ownerDesignName>oo_logical</ownerDesignName>
<referredTableLongName>CRUISE</referredTableLongName>
<deleteRule>NO ACTION</deleteRule>
<referredTableID>947FB748-ABC8-1AE8-2F8D-4974986DD905</referredTableID>
<keyObject>2B36CADF-3A3B-6B17-6E1C-605C685F5B95</keyObject>
<referredKeyID>2B36CADF-3A3B-6B17-6E1C-605C685F5B95</referredKeyID>
<mandatory>true</mandatory>
<refColNames>cruise_id</refColNames>
<transferable>true</transferable>
<rely>false</rely>
<columnDependencyConstraintGenerateInDDL>true</columnDependencyConstraintGenerateInDDL>
</FKIndexAssociation>
