<?xml version = '1.0' encoding = 'UTF-8'?>
<FKIndexAssociation class="oracle.dbtools.crest.model.design.relational.FKIndexAssociation" directorySegmentName="seg_0" id="9A5DE60F-DD7F-B588-20E7-939F4D810049" containerWithKeyObject="3FD75F38-28A5-3A72-9195-F00306E5E93E" localFKIndex="F320E98E-EDEB-F62A-E330-76D47C82D77E" name="cabin_manifest_fk">
<createdBy>user</createdBy>
<createdTime>2025-04-30 07:23:23 UTC</createdTime>
<generatorID>F5C1C0ED-F1B5-EACD-6BFA-365E364A9836</generatorID>
<ownerDesignName>oo_logical</ownerDesignName>
<referredTableLongName>CABIN</referredTableLongName>
<deleteRule>NO ACTION</deleteRule>
<referredTableID>CEC86737-B087-895B-9AE3-AE48B6A2198A</referredTableID>
<keyObject>1E0FF979-6377-4E20-A375-23469714E3FB</keyObject>
<referredKeyID>1E0FF979-6377-4E20-A375-23469714E3FB</referredKeyID>
<mandatory>true</mandatory>
<refColNames>cabin_no,ship_code</refColNames>
<transferable>true</transferable>
<rely>false</rely>
<columnDependencyConstraintGenerateInDDL>true</columnDependencyConstraintGenerateInDDL>
</FKIndexAssociation>
