<?xml version = '1.0' encoding = 'UTF-8'?>
<relationalModel class="oracle.dbtools.crest.model.design.relational.RelationalDesign" name="Relational_1" id="2EBC1521-E661-E1B6-F56B-8ADC1924AA31" mainViewID="9D0BEE9B-857B-C77F-C712-6FD091A21D8D">
<createdBy>user</createdBy>
<createdTime>2025-04-21 05:49:31 UTC</createdTime>
<ownerDesignName>cruise_itineraries</ownerDesignName>
<shouldBeOpen>true</shouldBeOpen>
<selectedRDBMSSite>3FD120B5-9F4E-6278-D5E2-746D192C8319</selectedRDBMSSite>
</relationalModel>
