<?xml version = '1.0' encoding = 'UTF-8'?>
<Entity class="oracle.dbtools.crest.model.design.logical.Entity" directorySegmentName="seg_0" id="380BE70A-16DE-B31E-062F-12E3CDF0D7D2" name="GENDER">
<createdBy>user</createdBy>
<createdTime>2025-04-24 15:25:28 UTC</createdTime>
<ownerDesignName>oo_logical</ownerDesignName>
<engineerTo>
<item key="2EBC1521-E661-E1B6-F56B-8ADC1924AA31" value="true"/>
</engineerTo>
<adequatelyNormalized>NO</adequatelyNormalized>
<expectedVolumes>0</expectedVolumes>
<fwdEngineeringStrategyName>Single Table</fwdEngineeringStrategyName>
<growthPercent>0</growthPercent>
<growthType>Year</growthType>
<maxVolumes>9999999</maxVolumes>
<minVolumes>0</minVolumes>
<normalForm>Third</normalForm>
<attributes itemClass="oracle.dbtools.crest.model.design.logical.Attribute">
<Attribute name="gender_id" id="9AC8767D-87A9-1F7E-A3E7-7AC438A0E150">
<createdBy>user</createdBy>
<createdTime>2025-04-24 15:26:19 UTC</createdTime>
<commentInRDBMS><![CDATA[Gender identifier]]></commentInRDBMS>
<ownerDesignName>oo_logical</ownerDesignName>
<engineerTo>
<item key="2EBC1521-E661-E1B6-F56B-8ADC1924AA31" value="true"/>
</engineerTo>
<useDomainConstraints>false</useDomainConstraints>
<use>1</use>
<logicalDatatype>LOGDT019</logicalDatatype>
<dataTypePrecision>3</dataTypePrecision>
<ownDataTypeParameters>,3,</ownDataTypeParameters>
</Attribute>
<Attribute name="gender_desc" id="6369DA6B-065E-3235-A71C-E5C1AC1420FF">
<createdBy>user</createdBy>
<createdTime>2025-04-24 15:26:19 UTC</createdTime>
<commentInRDBMS><![CDATA[Gender id's description ]]></commentInRDBMS>
<ownerDesignName>oo_logical</ownerDesignName>
<engineerTo>
<item key="2EBC1521-E661-E1B6-F56B-8ADC1924AA31" value="true"/>
</engineerTo>
<useDomainConstraints>false</useDomainConstraints>
<use>1</use>
<logicalDatatype>LOGDT024</logicalDatatype>
<dataTypeSize>20</dataTypeSize>
<ownDataTypeParameters>20,,</ownDataTypeParameters>
</Attribute>
</attributes>
<identifiers itemClass="oracle.dbtools.crest.model.design.logical.CandidateKey">
<identifier id="7FF6862C-234E-BD86-FA94-8A18F25B08E1" name="GENDER PK">
<createdBy>user</createdBy>
<createdTime>2025-04-24 15:30:50 UTC</createdTime>
<ownerDesignName>oo_logical</ownerDesignName>
<engineerTo>
<item key="2EBC1521-E661-E1B6-F56B-8ADC1924AA31" value="true"/>
</engineerTo>
<pk>true</pk>
<usedAttributes>
<attributeRef>9AC8767D-87A9-1F7E-A3E7-7AC438A0E150</attributeRef>
</usedAttributes>
</identifier>
</identifiers>
</Entity>
