<?xml version = '1.0' encoding = 'UTF-8'?>
<Entity class="oracle.dbtools.crest.model.design.logical.Entity" directorySegmentName="seg_0" id="3AAF9463-60BC-A909-111F-2B6382D02340" name="PASSENGER">
<createdBy>user</createdBy>
<createdTime>2025-04-21 09:03:19 UTC</createdTime>
<ownerDesignName>oo_logical</ownerDesignName>
<engineerTo>
<item key="2EBC1521-E661-E1B6-F56B-8ADC1924AA31" value="true"/>
</engineerTo>
<adequatelyNormalized>NO</adequatelyNormalized>
<expectedVolumes>0</expectedVolumes>
<fwdEngineeringStrategyName>Single Table</fwdEngineeringStrategyName>
<growthPercent>0</growthPercent>
<growthType>Year</growthType>
<maxVolumes>9999999</maxVolumes>
<minVolumes>0</minVolumes>
<normalForm>Third</normalForm>
<attributes itemClass="oracle.dbtools.crest.model.design.logical.Attribute">
<Attribute name="pass_id" id="AE30B609-DC27-2ABC-5B29-D1C666DBF5FC">
<createdBy>user</createdBy>
<createdTime>2025-04-21 09:03:28 UTC</createdTime>
<commentInRDBMS><![CDATA[Passenger identifier
Foreign key to another passenger acting as a guardian (only applicable for minors and named guardian_id)]]></commentInRDBMS>
<ownerDesignName>oo_logical</ownerDesignName>
<engineerTo>
<item key="2EBC1521-E661-E1B6-F56B-8ADC1924AA31" value="true"/>
</engineerTo>
<useDomainConstraints>false</useDomainConstraints>
<use>1</use>
<logicalDatatype>LOGDT019</logicalDatatype>
<dataTypePrecision>7</dataTypePrecision>
<ownDataTypeParameters>,7,</ownDataTypeParameters>
</Attribute>
<Attribute name="pass_fname" id="5AD6DD0E-C9FA-139D-9E30-D5A481355D16">
<createdBy>user</createdBy>
<createdTime>2025-04-21 09:04:21 UTC</createdTime>
<commentInRDBMS><![CDATA[Passenger's first name]]></commentInRDBMS>
<ownerDesignName>oo_logical</ownerDesignName>
<engineerTo>
<item key="2EBC1521-E661-E1B6-F56B-8ADC1924AA31" value="true"/>
</engineerTo>
<nullsAllowed>true</nullsAllowed>
<useDomainConstraints>false</useDomainConstraints>
<use>1</use>
<logicalDatatype>LOGDT024</logicalDatatype>
<dataTypeSize>50</dataTypeSize>
<ownDataTypeParameters>50,,</ownDataTypeParameters>
</Attribute>
<Attribute name="pass_lname" id="337D2B61-0339-C9E0-D265-17EE43051B39">
<createdBy>user</createdBy>
<createdTime>2025-04-21 09:04:45 UTC</createdTime>
<commentInRDBMS><![CDATA[Passenger's last name]]></commentInRDBMS>
<ownerDesignName>oo_logical</ownerDesignName>
<engineerTo>
<item key="2EBC1521-E661-E1B6-F56B-8ADC1924AA31" value="true"/>
</engineerTo>
<nullsAllowed>true</nullsAllowed>
<useDomainConstraints>false</useDomainConstraints>
<use>1</use>
<logicalDatatype>LOGDT024</logicalDatatype>
<dataTypeSize>50</dataTypeSize>
<ownDataTypeParameters>50,,</ownDataTypeParameters>
</Attribute>
<Attribute name="pass_dob" id="4A99C8D6-890C-488A-AB51-B7141C073F81">
<createdBy>user</createdBy>
<createdTime>2025-04-21 09:05:34 UTC</createdTime>
<commentInRDBMS><![CDATA[Passenger's date of birth]]></commentInRDBMS>
<ownerDesignName>oo_logical</ownerDesignName>
<engineerTo>
<item key="2EBC1521-E661-E1B6-F56B-8ADC1924AA31" value="true"/>
</engineerTo>
<useDomainConstraints>false</useDomainConstraints>
<use>1</use>
<logicalDatatype>LOGDT007</logicalDatatype>
<ownDataTypeParameters>,,</ownDataTypeParameters>
</Attribute>
<Attribute name="pass_phone" id="DDEBF7F3-93D5-D27A-0459-47D90E24D985">
<createdBy>user</createdBy>
<createdTime>2025-04-21 09:14:10 UTC</createdTime>
<commentInRDBMS><![CDATA[Phone number of passenger]]></commentInRDBMS>
<ownerDesignName>oo_logical</ownerDesignName>
<engineerTo>
<item key="2EBC1521-E661-E1B6-F56B-8ADC1924AA31" value="true"/>
</engineerTo>
<nullsAllowed>true</nullsAllowed>
<useDomainConstraints>false</useDomainConstraints>
<use>1</use>
<logicalDatatype>LOGDT024</logicalDatatype>
<dataTypeSize>20</dataTypeSize>
<ownDataTypeParameters>20,,</ownDataTypeParameters>
</Attribute>
<Attribute name="guardian_id" id="5B3B3C98-5BC6-9637-7141-C5872E018B52">
<createdBy>user</createdBy>
<createdTime>2025-04-21 16:08:25 UTC</createdTime>
<commentInRDBMS><![CDATA[Passenger identifier
Foreign key to another passenger acting as a guardian (only applicable for minors and named guardian_id)]]></commentInRDBMS>
<generatorID>AB130163-10DD-72DD-C7F6-435F41D81F33</generatorID>
<ownerDesignName>oo_logical</ownerDesignName>
<engineerTo>
<item key="2EBC1521-E661-E1B6-F56B-8ADC1924AA31" value="true"/>
</engineerTo>
<nullsAllowed>true</nullsAllowed>
<referedAttribute>AE30B609-DC27-2ABC-5B29-D1C666DBF5FC</referedAttribute>
<useDomainConstraints>false</useDomainConstraints>
<use>1</use>
<logicalDatatype>LOGDT019</logicalDatatype>
<dataTypePrecision>7</dataTypePrecision>
<ownDataTypeParameters>,,</ownDataTypeParameters>
</Attribute>
<Attribute name="add_id" id="CB8C1FFD-B432-71B1-2047-F749B22DF092">
<createdBy>user</createdBy>
<createdTime>2025-04-22 13:20:36 UTC</createdTime>
<commentInRDBMS><![CDATA[Address identifier (surrogate key)]]></commentInRDBMS>
<generatorID>40FD5132-35D8-561C-7F4C-8807CD8A5E4A</generatorID>
<ownerDesignName>oo_logical</ownerDesignName>
<engineerTo>
<item key="2EBC1521-E661-E1B6-F56B-8ADC1924AA31" value="true"/>
</engineerTo>
<referedAttribute>CBBB39DE-ACF8-BE41-3E82-227598EBADCD</referedAttribute>
<useDomainConstraints>false</useDomainConstraints>
<use>1</use>
<logicalDatatype>LOGDT019</logicalDatatype>
<dataTypePrecision>7</dataTypePrecision>
<ownDataTypeParameters>,,</ownDataTypeParameters>
</Attribute>
<Attribute name="gender_id" id="31297D7A-E506-0ABB-88B5-01C311E0E5B1">
<createdBy>user</createdBy>
<createdTime>2025-04-24 15:34:58 UTC</createdTime>
<commentInRDBMS><![CDATA[Gender identifier]]></commentInRDBMS>
<generatorID>09397EEF-7D54-2EA2-C040-196B047C8415</generatorID>
<ownerDesignName>oo_logical</ownerDesignName>
<engineerTo>
<item key="2EBC1521-E661-E1B6-F56B-8ADC1924AA31" value="true"/>
</engineerTo>
<referedAttribute>9AC8767D-87A9-1F7E-A3E7-7AC438A0E150</referedAttribute>
<useDomainConstraints>false</useDomainConstraints>
<use>1</use>
<logicalDatatype>LOGDT019</logicalDatatype>
<dataTypePrecision>7</dataTypePrecision>
<ownDataTypeParameters>,7,</ownDataTypeParameters>
</Attribute>
</attributes>
<identifiers itemClass="oracle.dbtools.crest.model.design.logical.CandidateKey">
<identifier id="3A0F181A-6487-5869-B292-7A6F5C595BE5" name="PASSENGER PK">
<createdBy>user</createdBy>
<createdTime>2025-04-21 09:03:48 UTC</createdTime>
<ownerDesignName>oo_logical</ownerDesignName>
<engineerTo>
<item key="2EBC1521-E661-E1B6-F56B-8ADC1924AA31" value="true"/>
</engineerTo>
<pk>true</pk>
<usedAttributes>
<attributeRef>AE30B609-DC27-2ABC-5B29-D1C666DBF5FC</attributeRef>
</usedAttributes>
</identifier>
</identifiers>
</Entity>
