<?xml version = '1.0' encoding = 'UTF-8'?>
<Entity class="oracle.dbtools.crest.model.design.logical.Entity" directorySegmentName="seg_0" id="4A242ECB-89C4-F434-1D90-E7250863917C" name="OPERATOR">
<createdBy>user</createdBy>
<createdTime>2025-04-21 08:02:39 UTC</createdTime>
<ownerDesignName>oo_logical</ownerDesignName>
<engineerTo>
<item key="2EBC1521-E661-E1B6-F56B-8ADC1924AA31" value="true"/>
</engineerTo>
<adequatelyNormalized>NO</adequatelyNormalized>
<expectedVolumes>0</expectedVolumes>
<fwdEngineeringStrategyName>Single Table</fwdEngineeringStrategyName>
<growthPercent>0</growthPercent>
<growthType>Year</growthType>
<maxVolumes>9999999</maxVolumes>
<minVolumes>0</minVolumes>
<normalForm>Third</normalForm>
<attributes itemClass="oracle.dbtools.crest.model.design.logical.Attribute">
<Attribute name="oper_id" id="7264359D-CF11-A28D-CB49-EA76F5D31F10">
<createdBy>user</createdBy>
<createdTime>2025-04-21 08:02:56 UTC</createdTime>
<commentInRDBMS><![CDATA[Operator ID identifier]]></commentInRDBMS>
<ownerDesignName>oo_logical</ownerDesignName>
<engineerTo>
<item key="2EBC1521-E661-E1B6-F56B-8ADC1924AA31" value="true"/>
</engineerTo>
<useDomainConstraints>false</useDomainConstraints>
<use>1</use>
<logicalDatatype>LOGDT019</logicalDatatype>
<dataTypePrecision>7</dataTypePrecision>
<ownDataTypeParameters>,7,</ownDataTypeParameters>
</Attribute>
<Attribute name="oper_name" id="9CFAD144-4AAA-957C-E60E-D31B603DDCDD">
<createdBy>user</createdBy>
<createdTime>2025-04-21 08:23:27 UTC</createdTime>
<commentInRDBMS><![CDATA[Operator's name]]></commentInRDBMS>
<ownerDesignName>oo_logical</ownerDesignName>
<engineerTo>
<item key="2EBC1521-E661-E1B6-F56B-8ADC1924AA31" value="true"/>
</engineerTo>
<useDomainConstraints>false</useDomainConstraints>
<use>1</use>
<logicalDatatype>LOGDT024</logicalDatatype>
<dataTypeSize>50</dataTypeSize>
<ownDataTypeParameters>50,,</ownDataTypeParameters>
</Attribute>
<Attribute name="oper_ceo_fname" id="2D22D479-370D-95BE-16D0-59FA09C2EF13">
<createdBy>user</createdBy>
<createdTime>2025-04-21 08:23:57 UTC</createdTime>
<commentInRDBMS><![CDATA[First name of ceo of operator]]></commentInRDBMS>
<ownerDesignName>oo_logical</ownerDesignName>
<engineerTo>
<item key="2EBC1521-E661-E1B6-F56B-8ADC1924AA31" value="true"/>
</engineerTo>
<nullsAllowed>true</nullsAllowed>
<useDomainConstraints>false</useDomainConstraints>
<use>1</use>
<logicalDatatype>LOGDT024</logicalDatatype>
<dataTypeSize>50</dataTypeSize>
<ownDataTypeParameters>50,,</ownDataTypeParameters>
</Attribute>
<Attribute name="oper_ceo_lname" id="96B87CC2-680C-B840-EF31-67EDAC12BDEB">
<createdBy>user</createdBy>
<createdTime>2025-04-29 07:21:53 UTC</createdTime>
<commentInRDBMS><![CDATA[Last  name of ceo of operator]]></commentInRDBMS>
<ownerDesignName>oo_logical</ownerDesignName>
<engineerTo>
<item key="2EBC1521-E661-E1B6-F56B-8ADC1924AA31" value="true"/>
</engineerTo>
<nullsAllowed>true</nullsAllowed>
<useDomainConstraints>false</useDomainConstraints>
<use>1</use>
<logicalDatatype>LOGDT024</logicalDatatype>
<dataTypeSize>50</dataTypeSize>
<ownDataTypeParameters>50,,</ownDataTypeParameters>
</Attribute>
</attributes>
<identifiers itemClass="oracle.dbtools.crest.model.design.logical.CandidateKey">
<identifier id="D15263BC-A354-FB3C-FF65-2649242CFB7A" name="OPERATOR PK">
<createdBy>user</createdBy>
<createdTime>2025-04-21 08:21:33 UTC</createdTime>
<ownerDesignName>oo_logical</ownerDesignName>
<engineerTo>
<item key="2EBC1521-E661-E1B6-F56B-8ADC1924AA31" value="true"/>
</engineerTo>
<pk>true</pk>
<usedAttributes>
<attributeRef>7264359D-CF11-A28D-CB49-EA76F5D31F10</attributeRef>
</usedAttributes>
</identifier>
</identifiers>
</Entity>
