<?xml version = '1.0' encoding = 'UTF-8'?>
<Entity class="oracle.dbtools.crest.model.design.logical.Entity" directorySegmentName="seg_0" id="92B3E881-2EA2-837B-0DB5-FD61320FA0E1" name="PORT">
<createdBy>user</createdBy>
<createdTime>2025-04-22 12:17:48 UTC</createdTime>
<ownerDesignName>oo_logical</ownerDesignName>
<engineerTo>
<item key="2EBC1521-E661-E1B6-F56B-8ADC1924AA31" value="true"/>
</engineerTo>
<adequatelyNormalized>NO</adequatelyNormalized>
<expectedVolumes>0</expectedVolumes>
<fwdEngineeringStrategyName>Single Table</fwdEngineeringStrategyName>
<growthPercent>0</growthPercent>
<growthType>Year</growthType>
<maxVolumes>9999999</maxVolumes>
<minVolumes>0</minVolumes>
<normalForm>Third</normalForm>
<attributes itemClass="oracle.dbtools.crest.model.design.logical.Attribute">
<Attribute name="port_code" id="BD319233-F8B5-D4BE-0F63-324A1092E753">
<createdBy>user</createdBy>
<createdTime>2025-04-22 12:17:54 UTC</createdTime>
<commentInRDBMS><![CDATA[Port code identifier]]></commentInRDBMS>
<ownerDesignName>oo_logical</ownerDesignName>
<engineerTo>
<item key="2EBC1521-E661-E1B6-F56B-8ADC1924AA31" value="true"/>
</engineerTo>
<useDomainConstraints>false</useDomainConstraints>
<use>1</use>
<logicalDatatype>LOGDT025</logicalDatatype>
<dataTypeSize>5</dataTypeSize>
<ownDataTypeParameters>5,,</ownDataTypeParameters>
</Attribute>
<Attribute name="port_name" id="29107009-700E-DC38-036B-152DBB423628">
<createdBy>user</createdBy>
<createdTime>2025-04-22 12:18:38 UTC</createdTime>
<commentInRDBMS><![CDATA[Name of port]]></commentInRDBMS>
<ownerDesignName>oo_logical</ownerDesignName>
<engineerTo>
<item key="2EBC1521-E661-E1B6-F56B-8ADC1924AA31" value="true"/>
</engineerTo>
<useDomainConstraints>false</useDomainConstraints>
<use>1</use>
<logicalDatatype>LOGDT024</logicalDatatype>
<dataTypeSize>100</dataTypeSize>
<ownDataTypeParameters>100,,</ownDataTypeParameters>
</Attribute>
<Attribute name="port_latitude" id="72E243F6-3409-DF13-3605-FF808F46B20C">
<createdBy>user</createdBy>
<createdTime>2025-04-22 12:19:00 UTC</createdTime>
<commentInRDBMS><![CDATA[Latitude of port]]></commentInRDBMS>
<ownerDesignName>oo_logical</ownerDesignName>
<engineerTo>
<item key="2EBC1521-E661-E1B6-F56B-8ADC1924AA31" value="true"/>
</engineerTo>
<useDomainConstraints>false</useDomainConstraints>
<use>1</use>
<logicalDatatype>LOGDT019</logicalDatatype>
<dataTypePrecision>8</dataTypePrecision>
<dataTypeScale>6</dataTypeScale>
<ownDataTypeParameters>,8,6</ownDataTypeParameters>
</Attribute>
<Attribute name="port_longitude" id="4944139A-A13E-F4E6-514C-07289AE3824C">
<createdBy>user</createdBy>
<createdTime>2025-04-22 12:19:21 UTC</createdTime>
<commentInRDBMS><![CDATA[Longitude of port]]></commentInRDBMS>
<ownerDesignName>oo_logical</ownerDesignName>
<engineerTo>
<item key="2EBC1521-E661-E1B6-F56B-8ADC1924AA31" value="true"/>
</engineerTo>
<useDomainConstraints>false</useDomainConstraints>
<use>1</use>
<logicalDatatype>LOGDT019</logicalDatatype>
<dataTypePrecision>9</dataTypePrecision>
<dataTypeScale>6</dataTypeScale>
<ownDataTypeParameters>,9,6</ownDataTypeParameters>
</Attribute>
<Attribute name="country_code" id="91049D1E-8FCB-4B92-1054-C02CA447B81F">
<createdBy>user</createdBy>
<createdTime>2025-04-22 12:37:56 UTC</createdTime>
<commentInRDBMS><![CDATA[Country code act as identifier]]></commentInRDBMS>
<generatorID>A3B7D187-146D-5DEA-A29A-93071963F92E</generatorID>
<ownerDesignName>oo_logical</ownerDesignName>
<engineerTo>
<item key="2EBC1521-E661-E1B6-F56B-8ADC1924AA31" value="true"/>
</engineerTo>
<referedAttribute>6017DDE0-FDDF-EBB2-72B9-B8B22BDE7273</referedAttribute>
<useDomainConstraints>false</useDomainConstraints>
<use>1</use>
<logicalDatatype>LOGDT025</logicalDatatype>
<dataTypeSize>3</dataTypeSize>
<ownDataTypeParameters>3,,</ownDataTypeParameters>
</Attribute>
</attributes>
<identifiers itemClass="oracle.dbtools.crest.model.design.logical.CandidateKey">
<identifier id="6E127FA1-9938-ED5F-06FA-6D0903E8DC6B" name="PORT PK">
<createdBy>user</createdBy>
<createdTime>2025-04-22 12:18:05 UTC</createdTime>
<ownerDesignName>oo_logical</ownerDesignName>
<shouldEngineer>false</shouldEngineer>
<engineerTo>
<item key="2EBC1521-E661-E1B6-F56B-8ADC1924AA31" value="false"/>
</engineerTo>
<pk>true</pk>
<usedAttributes>
<attributeRef>BD319233-F8B5-D4BE-0F63-324A1092E753</attributeRef>
</usedAttributes>
</identifier>
</identifiers>
</Entity>
