<?xml version = '1.0' encoding = 'UTF-8'?>
<Entity class="oracle.dbtools.crest.model.design.logical.Entity" directorySegmentName="seg_0" id="93D72253-06D1-927B-F39F-B57562FA210A" name="CABIN">
<createdBy>user</createdBy>
<createdTime>2025-04-21 08:58:38 UTC</createdTime>
<ownerDesignName>oo_logical</ownerDesignName>
<engineerTo>
<item key="2EBC1521-E661-E1B6-F56B-8ADC1924AA31" value="true"/>
</engineerTo>
<adequatelyNormalized>NO</adequatelyNormalized>
<expectedVolumes>0</expectedVolumes>
<fwdEngineeringStrategyName>Single Table</fwdEngineeringStrategyName>
<growthPercent>0</growthPercent>
<growthType>Year</growthType>
<maxVolumes>9999999</maxVolumes>
<minVolumes>0</minVolumes>
<normalForm>Third</normalForm>
<attributes itemClass="oracle.dbtools.crest.model.design.logical.Attribute">
<Attribute name="cabin_no" id="EDEB26E6-9C6A-24A5-4B06-86BD5118D1CB">
<createdBy>user</createdBy>
<createdTime>2025-04-21 08:58:45 UTC</createdTime>
<commentInRDBMS><![CDATA[Cabin unique number identifier]]></commentInRDBMS>
<ownerDesignName>oo_logical</ownerDesignName>
<engineerTo>
<item key="2EBC1521-E661-E1B6-F56B-8ADC1924AA31" value="true"/>
</engineerTo>
<useDomainConstraints>false</useDomainConstraints>
<use>1</use>
<logicalDatatype>LOGDT024</logicalDatatype>
<dataTypeSize>7</dataTypeSize>
<ownDataTypeParameters>7,,</ownDataTypeParameters>
</Attribute>
<Attribute name="ship_code" id="CCEF7095-C7E8-2BC9-5E48-1A0564C9231A">
<createdBy>user</createdBy>
<createdTime>2025-04-21 16:07:29 UTC</createdTime>
<commentInRDBMS><![CDATA[Ship identifier]]></commentInRDBMS>
<generatorID>25F01CBD-3778-90D2-B336-F3AEF62593CE</generatorID>
<ownerDesignName>oo_logical</ownerDesignName>
<engineerTo>
<item key="2EBC1521-E661-E1B6-F56B-8ADC1924AA31" value="true"/>
</engineerTo>
<referedAttribute>76188995-D432-593A-90AF-F6096ED1A0BF</referedAttribute>
<useDomainConstraints>false</useDomainConstraints>
<use>1</use>
<logicalDatatype>LOGDT019</logicalDatatype>
<dataTypePrecision>7</dataTypePrecision>
<ownDataTypeParameters>,7,</ownDataTypeParameters>
</Attribute>
<Attribute name="cabin_sleep_capacity" id="3D374F3C-278B-D556-E29A-6A00862DD721">
<createdBy>user</createdBy>
<createdTime>2025-04-21 08:59:35 UTC</createdTime>
<commentInRDBMS><![CDATA[Cabin's sleeping capacity]]></commentInRDBMS>
<ownerDesignName>oo_logical</ownerDesignName>
<engineerTo>
<item key="2EBC1521-E661-E1B6-F56B-8ADC1924AA31" value="true"/>
</engineerTo>
<useDomainConstraints>false</useDomainConstraints>
<use>1</use>
<logicalDatatype>LOGDT019</logicalDatatype>
<dataTypePrecision>3</dataTypePrecision>
<ownDataTypeParameters>,3,</ownDataTypeParameters>
</Attribute>
<Attribute name="cabin_class" id="55428391-A504-60BF-046A-3CD6641A4EDA">
<createdBy>user</createdBy>
<createdTime>2025-04-21 09:00:16 UTC</createdTime>
<commentInRDBMS><![CDATA[Cabin's class (I -Interior, O- Ocean view , B-Balcony, S- Suite)]]></commentInRDBMS>
<ownerDesignName>oo_logical</ownerDesignName>
<engineerTo>
<item key="2EBC1521-E661-E1B6-F56B-8ADC1924AA31" value="true"/>
</engineerTo>
<constraintName>chk_cabinclass</constraintName>
<useDomainConstraints>false</useDomainConstraints>
<use>1</use>
<logicalDatatype>LOGDT025</logicalDatatype>
<dataTypeSize>1</dataTypeSize>
<listOfValues>
<valueDef value="B" description="Balcony"/>
<valueDef value="I" description="Interior"/>
<valueDef value="O" description="Ocean view"/>
<valueDef value="S" description="Suite"/>
</listOfValues>
<ownDataTypeParameters>1,,</ownDataTypeParameters>
</Attribute>
</attributes>
<identifiers itemClass="oracle.dbtools.crest.model.design.logical.CandidateKey">
<identifier id="A3DA295D-9604-AFAE-5834-18FFA2BC8C2C" name="CABIN PK">
<createdBy>user</createdBy>
<createdTime>2025-04-21 08:58:50 UTC</createdTime>
<ownerDesignName>oo_logical</ownerDesignName>
<shouldEngineer>false</shouldEngineer>
<engineerTo>
<item key="2EBC1521-E661-E1B6-F56B-8ADC1924AA31" value="false"/>
</engineerTo>
<pk>true</pk>
<usedAttributes>
<attributeRef>EDEB26E6-9C6A-24A5-4B06-86BD5118D1CB</attributeRef>
<attributeRef>CCEF7095-C7E8-2BC9-5E48-1A0564C9231A</attributeRef>
</usedAttributes>
</identifier>
</identifiers>
</Entity>
