<?xml version = '1.0' encoding = 'UTF-8'?>
<Entity class="oracle.dbtools.crest.model.design.logical.Entity" directorySegmentName="seg_0" id="AC596F1C-7F9B-A110-BA1C-4D5DDB9E67A7" name="MANIFEST">
<createdBy>user</createdBy>
<createdTime>2025-04-21 09:01:31 UTC</createdTime>
<ownerDesignName>oo_logical</ownerDesignName>
<engineerTo>
<item key="2EBC1521-E661-E1B6-F56B-8ADC1924AA31" value="true"/>
</engineerTo>
<adequatelyNormalized>NO</adequatelyNormalized>
<expectedVolumes>0</expectedVolumes>
<fwdEngineeringStrategyName>Single Table</fwdEngineeringStrategyName>
<growthPercent>0</growthPercent>
<growthType>Year</growthType>
<maxVolumes>9999999</maxVolumes>
<minVolumes>0</minVolumes>
<normalForm>Third</normalForm>
<attributes itemClass="oracle.dbtools.crest.model.design.logical.Attribute">
<Attribute name="cruise_id" id="9952FC06-11FD-3ED4-3450-92D2B5040093">
<createdBy>user</createdBy>
<createdTime>2025-04-21 15:42:12 UTC</createdTime>
<commentInRDBMS><![CDATA[Cruise identifier]]></commentInRDBMS>
<generatorID>69D3797D-C4F4-8E9C-A275-8A5E87C2D055</generatorID>
<ownerDesignName>oo_logical</ownerDesignName>
<engineerTo>
<item key="2EBC1521-E661-E1B6-F56B-8ADC1924AA31" value="true"/>
</engineerTo>
<referedAttribute>5F4C7265-44B9-4BE2-F67C-C1B15A03F972</referedAttribute>
<useDomainConstraints>false</useDomainConstraints>
<use>1</use>
<logicalDatatype>LOGDT019</logicalDatatype>
<dataTypePrecision>4</dataTypePrecision>
<ownDataTypeParameters>,4,</ownDataTypeParameters>
</Attribute>
<Attribute name="pass_id" id="1538BED9-6217-D2D2-EEED-65E2CA5EDB76">
<createdBy>user</createdBy>
<createdTime>2025-04-21 15:42:57 UTC</createdTime>
<commentInRDBMS><![CDATA[Passenger identifier
Foreign key to another passenger acting as a guardian (only applicable for minors and named guardian_id)]]></commentInRDBMS>
<generatorID>B10F568B-A3F4-CC56-2CB3-DBD8E0CA1239</generatorID>
<ownerDesignName>oo_logical</ownerDesignName>
<engineerTo>
<item key="2EBC1521-E661-E1B6-F56B-8ADC1924AA31" value="true"/>
</engineerTo>
<referedAttribute>AE30B609-DC27-2ABC-5B29-D1C666DBF5FC</referedAttribute>
<useDomainConstraints>false</useDomainConstraints>
<use>1</use>
<logicalDatatype>LOGDT019</logicalDatatype>
<dataTypePrecision>7</dataTypePrecision>
<ownDataTypeParameters>,7,</ownDataTypeParameters>
</Attribute>
<Attribute name="mani_board_datetime" id="CEEFDEB6-3E44-AF06-C6F1-FBE9A1213CF0">
<createdBy>user</createdBy>
<createdTime>2025-04-21 09:02:08 UTC</createdTime>
<commentInRDBMS><![CDATA[Date time when passenger first board the ship]]></commentInRDBMS>
<ownerDesignName>oo_logical</ownerDesignName>
<engineerTo>
<item key="2EBC1521-E661-E1B6-F56B-8ADC1924AA31" value="true"/>
</engineerTo>
<nullsAllowed>true</nullsAllowed>
<useDomainConstraints>false</useDomainConstraints>
<use>1</use>
<logicalDatatype>LOGDT007</logicalDatatype>
<ownDataTypeParameters>,,</ownDataTypeParameters>
</Attribute>
<Attribute name="cabin_no" id="520C1B16-6E83-2933-5945-2E1976598126">
<createdBy>user</createdBy>
<createdTime>2025-04-21 16:03:48 UTC</createdTime>
<commentInRDBMS><![CDATA[Cabin unique number identifier]]></commentInRDBMS>
<generatorID>F5C1C0ED-F1B5-EACD-6BFA-365E364A9836</generatorID>
<ownerDesignName>oo_logical</ownerDesignName>
<engineerTo>
<item key="2EBC1521-E661-E1B6-F56B-8ADC1924AA31" value="true"/>
</engineerTo>
<referedAttribute>EDEB26E6-9C6A-24A5-4B06-86BD5118D1CB</referedAttribute>
<useDomainConstraints>false</useDomainConstraints>
<use>1</use>
<logicalDatatype>LOGDT024</logicalDatatype>
<dataTypeSize>7</dataTypeSize>
<ownDataTypeParameters>7,,</ownDataTypeParameters>
</Attribute>
<Attribute name="ship_code" id="6BA9739D-56B5-5709-335F-943AD3A6A188">
<createdBy>user</createdBy>
<createdTime>2025-04-22 11:53:13 UTC</createdTime>
<commentInRDBMS><![CDATA[Ship identifier]]></commentInRDBMS>
<generatorID>F5C1C0ED-F1B5-EACD-6BFA-365E364A9836</generatorID>
<ownerDesignName>oo_logical</ownerDesignName>
<engineerTo>
<item key="2EBC1521-E661-E1B6-F56B-8ADC1924AA31" value="true"/>
</engineerTo>
<referedAttribute>CCEF7095-C7E8-2BC9-5E48-1A0564C9231A</referedAttribute>
<useDomainConstraints>false</useDomainConstraints>
<use>1</use>
<logicalDatatype>LOGDT019</logicalDatatype>
<dataTypePrecision>7</dataTypePrecision>
<ownDataTypeParameters>,7,</ownDataTypeParameters>
</Attribute>
</attributes>
<identifiers itemClass="oracle.dbtools.crest.model.design.logical.CandidateKey">
<identifier id="7CEBB14F-2299-79C4-73AC-2D0F264BC2F8" name="MANIFEST PK">
<createdBy>user</createdBy>
<createdTime>2025-04-21 09:01:49 UTC</createdTime>
<ownerDesignName>oo_logical</ownerDesignName>
<engineerTo>
<item key="2EBC1521-E661-E1B6-F56B-8ADC1924AA31" value="true"/>
</engineerTo>
<pk>true</pk>
<usedAttributes>
<attributeRef>9952FC06-11FD-3ED4-3450-92D2B5040093</attributeRef>
<attributeRef>1538BED9-6217-D2D2-EEED-65E2CA5EDB76</attributeRef>
</usedAttributes>
</identifier>
</identifiers>
</Entity>
