<?xml version = '1.0' encoding = 'UTF-8'?>
<Entity class="oracle.dbtools.crest.model.design.logical.Entity" directorySegmentName="seg_0" id="B8B5F59B-0D17-9D16-06DA-0191232CB472" name="SHIP">
<createdBy>user</createdBy>
<createdTime>2025-04-21 08:25:53 UTC</createdTime>
<ownerDesignName>oo_logical</ownerDesignName>
<engineerTo>
<item key="2EBC1521-E661-E1B6-F56B-8ADC1924AA31" value="true"/>
</engineerTo>
<adequatelyNormalized>NO</adequatelyNormalized>
<expectedVolumes>0</expectedVolumes>
<fwdEngineeringStrategyName>Single Table</fwdEngineeringStrategyName>
<growthPercent>0</growthPercent>
<growthType>Year</growthType>
<maxVolumes>9999999</maxVolumes>
<minVolumes>0</minVolumes>
<normalForm>Third</normalForm>
<attributes itemClass="oracle.dbtools.crest.model.design.logical.Attribute">
<Attribute name="ship_code" id="76188995-D432-593A-90AF-F6096ED1A0BF">
<createdBy>user</createdBy>
<createdTime>2025-04-21 08:26:00 UTC</createdTime>
<commentInRDBMS><![CDATA[Ship identifier]]></commentInRDBMS>
<ownerDesignName>oo_logical</ownerDesignName>
<engineerTo>
<item key="2EBC1521-E661-E1B6-F56B-8ADC1924AA31" value="true"/>
</engineerTo>
<useDomainConstraints>false</useDomainConstraints>
<use>1</use>
<logicalDatatype>LOGDT019</logicalDatatype>
<dataTypePrecision>7</dataTypePrecision>
<ownDataTypeParameters>,7,</ownDataTypeParameters>
</Attribute>
<Attribute name="ship_name" id="1C1EB6DF-F8A3-8969-6129-99E42B31DC7E">
<createdBy>user</createdBy>
<createdTime>2025-04-21 08:26:24 UTC</createdTime>
<commentInRDBMS><![CDATA[Name of ship]]></commentInRDBMS>
<ownerDesignName>oo_logical</ownerDesignName>
<engineerTo>
<item key="2EBC1521-E661-E1B6-F56B-8ADC1924AA31" value="true"/>
</engineerTo>
<useDomainConstraints>false</useDomainConstraints>
<use>1</use>
<logicalDatatype>LOGDT024</logicalDatatype>
<dataTypeSize>50</dataTypeSize>
<ownDataTypeParameters>50,,</ownDataTypeParameters>
</Attribute>
<Attribute name="ship_date_commisioned" id="B73786EA-BE27-2AAF-B7FF-202D140D1FB8">
<createdBy>user</createdBy>
<createdTime>2025-04-21 08:26:36 UTC</createdTime>
<commentInRDBMS><![CDATA[Date the ship was commissioned]]></commentInRDBMS>
<ownerDesignName>oo_logical</ownerDesignName>
<engineerTo>
<item key="2EBC1521-E661-E1B6-F56B-8ADC1924AA31" value="true"/>
</engineerTo>
<useDomainConstraints>false</useDomainConstraints>
<use>1</use>
<logicalDatatype>LOGDT007</logicalDatatype>
<ownDataTypeParameters>,,</ownDataTypeParameters>
</Attribute>
<Attribute name="ship_tonnage" id="90C40FAE-01F2-8AD1-D617-CFA461E9FE86">
<createdBy>user</createdBy>
<createdTime>2025-04-21 08:28:49 UTC</createdTime>
<commentInRDBMS><![CDATA[Ship's tonnage]]></commentInRDBMS>
<ownerDesignName>oo_logical</ownerDesignName>
<engineerTo>
<item key="2EBC1521-E661-E1B6-F56B-8ADC1924AA31" value="true"/>
</engineerTo>
<useDomainConstraints>false</useDomainConstraints>
<use>1</use>
<logicalDatatype>LOGDT019</logicalDatatype>
<dataTypePrecision>8</dataTypePrecision>
<dataTypeScale>2</dataTypeScale>
<ownDataTypeParameters>,8,2</ownDataTypeParameters>
</Attribute>
<Attribute name="ship_max_guest" id="8112AAEA-F03F-0472-FD5D-F71093A7BA27">
<createdBy>user</createdBy>
<createdTime>2025-04-21 08:39:42 UTC</createdTime>
<commentInRDBMS><![CDATA[Maximum guest of the ship]]></commentInRDBMS>
<ownerDesignName>oo_logical</ownerDesignName>
<engineerTo>
<item key="2EBC1521-E661-E1B6-F56B-8ADC1924AA31" value="true"/>
</engineerTo>
<useDomainConstraints>false</useDomainConstraints>
<use>1</use>
<logicalDatatype>LOGDT019</logicalDatatype>
<dataTypePrecision>7</dataTypePrecision>
<ownDataTypeParameters>,7,</ownDataTypeParameters>
</Attribute>
<Attribute name="oper_id" id="247DBC5E-46BB-E03B-87EE-439DB19CB57A">
<createdBy>user</createdBy>
<createdTime>2025-04-21 14:38:03 UTC</createdTime>
<commentInRDBMS><![CDATA[Operator ID identifier]]></commentInRDBMS>
<generatorID>600734BB-AF29-28FA-6EBB-F997823B1B93</generatorID>
<ownerDesignName>oo_logical</ownerDesignName>
<engineerTo>
<item key="2EBC1521-E661-E1B6-F56B-8ADC1924AA31" value="true"/>
</engineerTo>
<referedAttribute>7264359D-CF11-A28D-CB49-EA76F5D31F10</referedAttribute>
<useDomainConstraints>false</useDomainConstraints>
<use>1</use>
<logicalDatatype>LOGDT019</logicalDatatype>
<dataTypePrecision>7</dataTypePrecision>
<ownDataTypeParameters>,7,</ownDataTypeParameters>
</Attribute>
<Attribute name="country_code" id="FC41C2AA-7D5D-442C-FBEC-F6A29313EF4E">
<createdBy>user</createdBy>
<createdTime>2025-04-30 06:57:24 UTC</createdTime>
<commentInRDBMS><![CDATA[Country code act as identifier]]></commentInRDBMS>
<generatorID>8CFA4AAD-1357-59D7-43AB-D9409C593466</generatorID>
<ownerDesignName>oo_logical</ownerDesignName>
<engineerTo>
<item key="2EBC1521-E661-E1B6-F56B-8ADC1924AA31" value="true"/>
</engineerTo>
<referedAttribute>6017DDE0-FDDF-EBB2-72B9-B8B22BDE7273</referedAttribute>
<useDomainConstraints>false</useDomainConstraints>
<use>1</use>
<logicalDatatype>LOGDT025</logicalDatatype>
<dataTypeSize>3</dataTypeSize>
<ownDataTypeParameters>,,</ownDataTypeParameters>
</Attribute>
</attributes>
<identifiers itemClass="oracle.dbtools.crest.model.design.logical.CandidateKey">
<identifier id="8CC607B7-6AD1-C1C6-7E33-1A712A429B7C" name="SHIP PK">
<createdBy>user</createdBy>
<createdTime>2025-04-21 08:26:06 UTC</createdTime>
<ownerDesignName>oo_logical</ownerDesignName>
<shouldEngineer>false</shouldEngineer>
<engineerTo>
<item key="2EBC1521-E661-E1B6-F56B-8ADC1924AA31" value="false"/>
</engineerTo>
<pk>true</pk>
<usedAttributes>
<attributeRef>76188995-D432-593A-90AF-F6096ED1A0BF</attributeRef>
</usedAttributes>
</identifier>
</identifiers>
</Entity>
