<?xml version = '1.0' encoding = 'UTF-8'?>
<Diagram class="oracle.dbtools.crest.swingui.logical.DPVLogical" name="Logical" id="694047C7-BD19-A2EE-8758-FB97A977E092">
<createdBy>Ang Qiao Xin 33520054</createdBy>
<modifiedBy>Ang Qiao Xin 33520054</modifiedBy>
<createdTime>2025-04-21 05:59:03 UTC</createdTime>
<autoRoute>false</autoRoute>
<boxInbox>true</boxInbox>
<showLegend>true</showLegend>
<showLabels>true</showLabels>
<showRelAttributes>false</showRelAttributes>
<gridEnabled>false</gridEnabled>
<showGrid>false</showGrid>
<diagramColor>-1</diagramColor>
<display>false</display>
<notation>2</notation>
<showAllDetails>false</showAllDetails>
<showElements>true</showElements>
<objectViews>
<OView class="oracle.dbtools.crest.swingui.logical.TVEntity" oid="04D4779B-CA61-0448-D5C3-BF259BC3A49A" otype="Entity" vid="9BB534F1-06A8-7D5D-E2F0-6DD752084250">
<hideElementsInCurrentOnly>false</hideElementsInCurrentOnly>
<bounds x="832" y="834" width="125" height="54"/>
</OView>
<OView class="oracle.dbtools.crest.swingui.logical.TVEntity" oid="380BE70A-16DE-B31E-062F-12E3CDF0D7D2" otype="Entity" vid="480E2582-0DE1-92A3-B297-23F9F455C21B">
<hideElementsInCurrentOnly>false</hideElementsInCurrentOnly>
<bounds x="338" y="675" width="118" height="54"/>
</OView>
<OView class="oracle.dbtools.crest.swingui.logical.TVEntity" oid="3AAF9463-60BC-A909-111F-2B6382D02340" otype="Entity" vid="A6FF37E6-B63B-7A72-AEC8-4585E24E824F">
<hideElementsInCurrentOnly>false</hideElementsInCurrentOnly>
<bounds x="593" y="623" width="114" height="138"/>
</OView>
<OView class="oracle.dbtools.crest.swingui.logical.TVEntity" oid="435E22A9-7838-D765-5912-A5C6C22A7DC7" otype="Entity" vid="98D8F0C0-C010-C0DE-818A-856D973F3283">
<hideElementsInCurrentOnly>false</hideElementsInCurrentOnly>
<bounds x="828" y="250" width="128" height="82"/>
</OView>
<OView class="oracle.dbtools.crest.swingui.logical.TVEntity" oid="4A242ECB-89C4-F434-1D90-E7250863917C" otype="Entity" vid="4B613D5E-FC0F-EC49-588C-51EEA6B701A4">
<hideElementsInCurrentOnly>false</hideElementsInCurrentOnly>
<bounds x="32" y="244" width="138" height="82"/>
</OView>
<OView class="oracle.dbtools.crest.swingui.logical.TVEntity" oid="8BD2BA17-FC4B-1A30-BA16-97FF2CFD7D03" otype="Entity" vid="38675AE7-D646-9FB0-10CF-C503861D958A">
<hideElementsInCurrentOnly>false</hideElementsInCurrentOnly>
<bounds x="580" y="231" width="169" height="110"/>
</OView>
<OView class="oracle.dbtools.crest.swingui.logical.TVEntity" oid="92B3E881-2EA2-837B-0DB5-FD61320FA0E1" otype="Entity" vid="D78E6BD6-790B-E2D4-21E1-E99C1C800D5F">
<hideElementsInCurrentOnly>false</hideElementsInCurrentOnly>
<bounds x="832" y="465" width="126" height="96"/>
</OView>
<OView class="oracle.dbtools.crest.swingui.logical.TVEntity" oid="93D72253-06D1-927B-F39F-B57562FA210A" otype="Entity" vid="85AA4413-6A9A-BE19-BD6B-493882C28611">
<hideElementsInCurrentOnly>false</hideElementsInCurrentOnly>
<bounds x="294" y="462" width="162" height="82"/>
</OView>
<OView class="oracle.dbtools.crest.swingui.logical.TVEntity" oid="AC596F1C-7F9B-A110-BA1C-4D5DDB9E67A7" otype="Entity" vid="BB3DD5A1-BA4E-E27F-C68D-180498A44949">
<hideElementsInCurrentOnly>false</hideElementsInCurrentOnly>
<bounds x="577" y="453" width="162" height="96"/>
</OView>
<OView class="oracle.dbtools.crest.swingui.logical.TVEntity" oid="B8B5F59B-0D17-9D16-06DA-0191232CB472" otype="Entity" vid="76F87737-52AC-42FF-099D-6048C3691309">
<hideElementsInCurrentOnly>false</hideElementsInCurrentOnly>
<bounds x="288" y="222" width="173" height="124"/>
</OView>
<OView class="oracle.dbtools.crest.swingui.logical.TVEntity" oid="D5562E0D-6C0E-1EB7-C2C7-22AC75AA5275" otype="Entity" vid="3C89E31F-25FD-DEF9-FA17-3237AB3C3EDE">
<hideElementsInCurrentOnly>false</hideElementsInCurrentOnly>
<bounds x="592" y="830" width="124" height="96"/>
</OView>
<OView class="oracle.dbtools.crest.swingui.TVLegend" oid="E9C2F3C0-357D-3354-DE6F-CEDE7A798E64" otype="Legend" vid="8A72C275-EFCB-17D9-CB46-4DCF6A1BB66D">
<hideElementsInCurrentOnly>false</hideElementsInCurrentOnly>
<bounds x="10" y="10" width="232" height="135"/>
</OView>
</objectViews>
<connectors>
<Connector class="oracle.dbtools.crest.swingui.logical.TVRelation" oid="09397EEF-7D54-2EA2-C040-196B047C8415" otype="Relation" vid_source="480E2582-0DE1-92A3-B297-23F9F455C21B" vid_target="A6FF37E6-B63B-7A72-AEC8-4585E24E824F">
<hideElementsInCurrentOnly>false</hideElementsInCurrentOnly>
<backgroundColor>-16777216</backgroundColor>
<lineWidth>1</lineWidth>
<sourceLabel class="oracle.dbtools.crest.model.design.Label">
<site>0</site>
<labelBounds x="466" y="671" width="49" height="32"/>
<noBackgroundColor>true</noBackgroundColor>
<noForegroundColor>true</noForegroundColor>
</sourceLabel>
<targetLabel class="oracle.dbtools.crest.model.design.Label">
<site>2</site>
<labelBounds x="569" y="706" width="18" height="32"/>
<noBackgroundColor>true</noBackgroundColor>
<noForegroundColor>true</noForegroundColor>
</targetLabel>
<points>
<point x="456" y="703"/>
<point x="593" y="703"/>
</points>
</Connector>
<Connector class="oracle.dbtools.crest.swingui.logical.TVRelation" oid="1FED8514-7A51-3EFC-361A-64B98D705586" otype="Relation" vid_source="9BB534F1-06A8-7D5D-E2F0-6DD752084250" vid_target="3C89E31F-25FD-DEF9-FA17-3237AB3C3EDE">
<hideElementsInCurrentOnly>false</hideElementsInCurrentOnly>
<backgroundColor>-16777216</backgroundColor>
<lineWidth>1</lineWidth>
<sourceLabel class="oracle.dbtools.crest.model.design.Label">
<site>0</site>
<labelBounds x="788" y="830" width="38" height="31"/>
<noBackgroundColor>true</noBackgroundColor>
<noForegroundColor>true</noForegroundColor>
</sourceLabel>
<targetLabel class="oracle.dbtools.crest.model.design.Label">
<site>2</site>
<labelBounds x="726" y="864" width="18" height="32"/>
<noBackgroundColor>true</noBackgroundColor>
<noForegroundColor>true</noForegroundColor>
</targetLabel>
<points>
<point x="832" y="861"/>
<point x="716" y="861"/>
</points>
</Connector>
<Connector class="oracle.dbtools.crest.swingui.logical.TVRelation" oid="25F01CBD-3778-90D2-B336-F3AEF62593CE" otype="Relation" vid_source="76F87737-52AC-42FF-099D-6048C3691309" vid_target="85AA4413-6A9A-BE19-BD6B-493882C28611">
<hideElementsInCurrentOnly>false</hideElementsInCurrentOnly>
<backgroundColor>-16777216</backgroundColor>
<lineWidth>1</lineWidth>
<sourceLabel class="oracle.dbtools.crest.model.design.Label">
<site>0</site>
<labelBounds x="375" y="383" width="38" height="31"/>
<noBackgroundColor>true</noBackgroundColor>
<noForegroundColor>true</noForegroundColor>
</sourceLabel>
<targetLabel class="oracle.dbtools.crest.model.design.Label">
<site>2</site>
<labelBounds x="375" y="424" width="18" height="32"/>
<noBackgroundColor>true</noBackgroundColor>
<noForegroundColor>true</noForegroundColor>
</targetLabel>
<points>
<point x="375" y="346"/>
<point x="375" y="462"/>
</points>
</Connector>
<Connector class="oracle.dbtools.crest.swingui.logical.TVRelation" oid="40FD5132-35D8-561C-7F4C-8807CD8A5E4A" otype="Relation" vid_source="3C89E31F-25FD-DEF9-FA17-3237AB3C3EDE" vid_target="A6FF37E6-B63B-7A72-AEC8-4585E24E824F">
<hideElementsInCurrentOnly>false</hideElementsInCurrentOnly>
<backgroundColor>-16777216</backgroundColor>
<lineWidth>1</lineWidth>
<sourceLabel class="oracle.dbtools.crest.model.design.Label">
<site>0</site>
<labelBounds x="650" y="792" width="89" height="32"/>
<noBackgroundColor>true</noBackgroundColor>
<noForegroundColor>true</noForegroundColor>
</sourceLabel>
<targetLabel class="oracle.dbtools.crest.model.design.Label">
<site>2</site>
<labelBounds x="650" y="807" width="18" height="32"/>
<noBackgroundColor>true</noBackgroundColor>
<noForegroundColor>true</noForegroundColor>
</targetLabel>
<points>
<point x="650" y="830"/>
<point x="650" y="761"/>
</points>
</Connector>
<Connector class="oracle.dbtools.crest.swingui.logical.TVRelation" oid="600734BB-AF29-28FA-6EBB-F997823B1B93" otype="Relation" vid_source="4B613D5E-FC0F-EC49-588C-51EEA6B701A4" vid_target="76F87737-52AC-42FF-099D-6048C3691309">
<hideElementsInCurrentOnly>false</hideElementsInCurrentOnly>
<backgroundColor>-16777216</backgroundColor>
<lineWidth>1</lineWidth>
<sourceLabel class="oracle.dbtools.crest.model.design.Label">
<site>0</site>
<labelBounds x="180" y="254" width="55" height="31"/>
<noBackgroundColor>true</noBackgroundColor>
<noForegroundColor>true</noForegroundColor>
</sourceLabel>
<targetLabel class="oracle.dbtools.crest.model.design.Label">
<site>2</site>
<labelBounds x="264" y="288" width="18" height="31"/>
<noBackgroundColor>true</noBackgroundColor>
<noForegroundColor>true</noForegroundColor>
</targetLabel>
<points>
<point x="170" y="285"/>
<point x="288" y="285"/>
</points>
</Connector>
<Connector class="oracle.dbtools.crest.swingui.logical.TVRelation" oid="69D3797D-C4F4-8E9C-A275-8A5E87C2D055" otype="Relation" vid_source="38675AE7-D646-9FB0-10CF-C503861D958A" vid_target="BB3DD5A1-BA4E-E27F-C68D-180498A44949">
<hideElementsInCurrentOnly>false</hideElementsInCurrentOnly>
<backgroundColor>-16777216</backgroundColor>
<lineWidth>1</lineWidth>
<sourceLabel class="oracle.dbtools.crest.model.design.Label">
<site>0</site>
<labelBounds x="659" y="379" width="31" height="32"/>
<noBackgroundColor>true</noBackgroundColor>
<noForegroundColor>true</noForegroundColor>
</sourceLabel>
<targetLabel class="oracle.dbtools.crest.model.design.Label">
<site>2</site>
<labelBounds x="659" y="415" width="18" height="32"/>
<noBackgroundColor>true</noBackgroundColor>
<noForegroundColor>true</noForegroundColor>
</targetLabel>
<points>
<point x="659" y="341"/>
<point x="659" y="453"/>
</points>
</Connector>
<Connector class="oracle.dbtools.crest.swingui.logical.TVRelation" oid="812FB7E3-FCE6-AE01-0973-3334D46615AB" otype="Relation" vid_source="76F87737-52AC-42FF-099D-6048C3691309" vid_target="38675AE7-D646-9FB0-10CF-C503861D958A">
<hideElementsInCurrentOnly>false</hideElementsInCurrentOnly>
<backgroundColor>-16777216</backgroundColor>
<lineWidth>1</lineWidth>
<sourceLabel class="oracle.dbtools.crest.model.design.Label">
<site>0</site>
<labelBounds x="471" y="253" width="41" height="33"/>
<noBackgroundColor>true</noBackgroundColor>
<noForegroundColor>true</noForegroundColor>
</sourceLabel>
<targetLabel class="oracle.dbtools.crest.model.design.Label">
<site>2</site>
<labelBounds x="556" y="289" width="18" height="31"/>
<noBackgroundColor>true</noBackgroundColor>
<noForegroundColor>true</noForegroundColor>
</targetLabel>
<points>
<point x="461" y="286"/>
<point x="580" y="286"/>
</points>
</Connector>
<Connector class="oracle.dbtools.crest.swingui.logical.TVRelation" oid="8938FBC5-1954-8BEA-9F20-B3459B554123" otype="Relation" vid_source="38675AE7-D646-9FB0-10CF-C503861D958A" vid_target="98D8F0C0-C010-C0DE-818A-856D973F3283">
<hideElementsInCurrentOnly>false</hideElementsInCurrentOnly>
<backgroundColor>-16777216</backgroundColor>
<lineWidth>1</lineWidth>
<sourceLabel class="oracle.dbtools.crest.model.design.Label">
<site>0</site>
<labelBounds x="759" y="261" width="31" height="31"/>
<noBackgroundColor>true</noBackgroundColor>
<noForegroundColor>true</noForegroundColor>
</sourceLabel>
<targetLabel class="oracle.dbtools.crest.model.design.Label">
<site>2</site>
<labelBounds x="804" y="295" width="18" height="31"/>
<noBackgroundColor>true</noBackgroundColor>
<noForegroundColor>true</noForegroundColor>
</targetLabel>
<points>
<point x="749" y="292"/>
<point x="828" y="292"/>
</points>
</Connector>
<Connector class="oracle.dbtools.crest.swingui.logical.TVRelation" oid="8CFA4AAD-1357-59D7-43AB-D9409C593466" otype="Relation" vid_source="9BB534F1-06A8-7D5D-E2F0-6DD752084250" vid_target="76F87737-52AC-42FF-099D-6048C3691309">
<hideElementsInCurrentOnly>false</hideElementsInCurrentOnly>
<backgroundColor>-16777216</backgroundColor>
<lineWidth>1</lineWidth>
<sourceLabel class="oracle.dbtools.crest.model.design.Label">
<site>0</site>
<labelBounds x="967" y="836" width="54" height="31"/>
<noBackgroundColor>true</noBackgroundColor>
<noForegroundColor>true</noForegroundColor>
</sourceLabel>
<targetLabel class="oracle.dbtools.crest.model.design.Label">
<site>2</site>
<labelBounds x="395" y="161" width="18" height="31"/>
<noBackgroundColor>true</noBackgroundColor>
<noForegroundColor>true</noForegroundColor>
</targetLabel>
<points>
<point x="957" y="867"/>
<point x="997" y="867"/>
<point x="996" y="176"/>
<point x="395" y="174"/>
<point x="395" y="222"/>
</points>
</Connector>
<Connector class="oracle.dbtools.crest.swingui.logical.TVRelation" oid="A3B7D187-146D-5DEA-A29A-93071963F92E" otype="Relation" vid_source="9BB534F1-06A8-7D5D-E2F0-6DD752084250" vid_target="D78E6BD6-790B-E2D4-21E1-E99C1C800D5F">
<hideElementsInCurrentOnly>false</hideElementsInCurrentOnly>
<backgroundColor>-16777216</backgroundColor>
<lineWidth>1</lineWidth>
<sourceLabel class="oracle.dbtools.crest.model.design.Label">
<site>0</site>
<labelBounds x="894" y="797" width="38" height="31"/>
<noBackgroundColor>true</noBackgroundColor>
<noForegroundColor>true</noForegroundColor>
</sourceLabel>
<targetLabel class="oracle.dbtools.crest.model.design.Label">
<site>2</site>
<labelBounds x="894" y="598" width="18" height="31"/>
<noBackgroundColor>true</noBackgroundColor>
<noForegroundColor>true</noForegroundColor>
</targetLabel>
<points>
<point x="894" y="834"/>
<point x="894" y="561"/>
</points>
</Connector>
<Connector class="oracle.dbtools.crest.swingui.logical.TVRelation" oid="AB130163-10DD-72DD-C7F6-435F41D81F33" otype="Relation" vid_source="A6FF37E6-B63B-7A72-AEC8-4585E24E824F" vid_target="A6FF37E6-B63B-7A72-AEC8-4585E24E824F">
<hideElementsInCurrentOnly>false</hideElementsInCurrentOnly>
<backgroundColor>-16777216</backgroundColor>
<lineWidth>1</lineWidth>
<sourceLabel class="oracle.dbtools.crest.model.design.Label">
<site>0</site>
<labelBounds x="755" y="662" width="182" height="14"/>
<noBackgroundColor>true</noBackgroundColor>
<noForegroundColor>true</noForegroundColor>
</sourceLabel>
<targetLabel class="oracle.dbtools.crest.model.design.Label">
<site>2</site>
<labelBounds x="755" y="724" width="16" height="36"/>
<noBackgroundColor>true</noBackgroundColor>
<noForegroundColor>true</noForegroundColor>
</targetLabel>
<points>
<point x="707" y="661"/>
<point x="755" y="661"/>
<point x="756" y="735"/>
<point x="755" y="734"/>
<point x="707" y="734"/>
</points>
</Connector>
<Connector class="oracle.dbtools.crest.swingui.logical.TVRelation" oid="B10F568B-A3F4-CC56-2CB3-DBD8E0CA1239" otype="Relation" vid_source="A6FF37E6-B63B-7A72-AEC8-4585E24E824F" vid_target="BB3DD5A1-BA4E-E27F-C68D-180498A44949">
<hideElementsInCurrentOnly>false</hideElementsInCurrentOnly>
<backgroundColor>-16777216</backgroundColor>
<lineWidth>1</lineWidth>
<sourceLabel class="oracle.dbtools.crest.model.design.Label">
<site>0</site>
<labelBounds x="650" y="569" width="31" height="32"/>
<noBackgroundColor>true</noBackgroundColor>
<noForegroundColor>true</noForegroundColor>
</sourceLabel>
<targetLabel class="oracle.dbtools.crest.model.design.Label">
<site>2</site>
<labelBounds x="650" y="595" width="15" height="31"/>
<noBackgroundColor>true</noBackgroundColor>
<noForegroundColor>true</noForegroundColor>
</targetLabel>
<points>
<point x="650" y="623"/>
<point x="650" y="549"/>
</points>
</Connector>
<Connector class="oracle.dbtools.crest.swingui.logical.TVRelation" oid="F5C1C0ED-F1B5-EACD-6BFA-365E364A9836" otype="Relation" vid_source="85AA4413-6A9A-BE19-BD6B-493882C28611" vid_target="BB3DD5A1-BA4E-E27F-C68D-180498A44949">
<hideElementsInCurrentOnly>false</hideElementsInCurrentOnly>
<backgroundColor>-16777216</backgroundColor>
<lineWidth>1</lineWidth>
<sourceLabel class="oracle.dbtools.crest.model.design.Label">
<site>0</site>
<labelBounds x="466" y="471" width="60" height="32"/>
<noBackgroundColor>true</noBackgroundColor>
<noForegroundColor>true</noForegroundColor>
</sourceLabel>
<targetLabel class="oracle.dbtools.crest.model.design.Label">
<site>2</site>
<labelBounds x="555" y="506" width="16" height="32"/>
<noBackgroundColor>true</noBackgroundColor>
<noForegroundColor>true</noForegroundColor>
</targetLabel>
<points>
<point x="456" y="503"/>
<point x="577" y="503"/>
</points>
</Connector>
<Connector class="oracle.dbtools.crest.swingui.logical.TVRelation" oid="FEC35602-AFE2-D011-9B17-83E4F62A1451" otype="Relation" vid_source="D78E6BD6-790B-E2D4-21E1-E99C1C800D5F" vid_target="98D8F0C0-C010-C0DE-818A-856D973F3283">
<hideElementsInCurrentOnly>false</hideElementsInCurrentOnly>
<backgroundColor>-16777216</backgroundColor>
<lineWidth>1</lineWidth>
<sourceLabel class="oracle.dbtools.crest.model.design.Label">
<site>0</site>
<labelBounds x="894" y="420" width="62" height="31"/>
<noBackgroundColor>true</noBackgroundColor>
<noForegroundColor>true</noForegroundColor>
</sourceLabel>
<targetLabel class="oracle.dbtools.crest.model.design.Label">
<site>2</site>
<labelBounds x="894" y="380" width="18" height="31"/>
<noBackgroundColor>true</noBackgroundColor>
<noForegroundColor>true</noForegroundColor>
</targetLabel>
<points>
<point x="894" y="465"/>
<point x="894" y="332"/>
</points>
</Connector>
</connectors>
</Diagram>
