<?xml version = '1.0' encoding = 'UTF-8'?>
<Relation class="oracle.dbtools.crest.model.design.logical.Relation" name="gender_passenger_fk" directorySegmentName="seg_0" id="09397EEF-7D54-2EA2-C040-196B047C8415">
<createdBy>user</createdBy>
<createdTime>2025-04-24 15:34:58 UTC</createdTime>
<ownerDesignName>oo_logical</ownerDesignName>
<engineerTo>
<item key="2EBC1521-E661-E1B6-F56B-8ADC1924AA31" value="true"/>
</engineerTo>
<sourcePk>7FF6862C-234E-BD86-FA94-8A18F25B08E1</sourcePk>
<identifying>false</identifying>
<nameOnSource>defines</nameOnSource>
<nameOnTarget> </nameOnTarget>
<optionalSource>true</optionalSource>
<optionalTarget>false</optionalTarget>
<sourceCardinality>1</sourceCardinality>
<sourceEntity>380BE70A-16DE-B31E-062F-12E3CDF0D7D2</sourceEntity>
<targetCardinalityString>*</targetCardinalityString>
<targetEntity>3AAF9463-60BC-A909-111F-2B6382D02340</targetEntity>
<transferable>true</transferable>
<deleteRule>NO ACTION</deleteRule>
</Relation>
