<?xml version = '1.0' encoding = 'UTF-8'?>
<Relation class="oracle.dbtools.crest.model.design.logical.Relation" name="ship_cabin_fk" directorySegmentName="seg_0" id="25F01CBD-3778-90D2-B336-F3AEF62593CE">
<createdBy>user</createdBy>
<createdTime>2025-04-21 16:07:29 UTC</createdTime>
<ownerDesignName>oo_logical</ownerDesignName>
<engineerTo>
<item key="2EBC1521-E661-E1B6-F56B-8ADC1924AA31" value="true"/>
</engineerTo>
<sourcePk>8CC607B7-6AD1-C1C6-7E33-1A712A429B7C</sourcePk>
<identifying>true</identifying>
<nameOnSource>has</nameOnSource>
<nameOnTarget> </nameOnTarget>
<optionalSource>false</optionalSource>
<optionalTarget>false</optionalTarget>
<sourceCardinality>1</sourceCardinality>
<sourceEntity>B8B5F59B-0D17-9D16-06DA-0191232CB472</sourceEntity>
<targetCardinalityString>*</targetCardinalityString>
<targetEntity>93D72253-06D1-927B-F39F-B57562FA210A</targetEntity>
<transferable>true</transferable>
<deleteRule>NO ACTION</deleteRule>
</Relation>
