<?xml version = '1.0' encoding = 'UTF-8'?>
<Relation class="oracle.dbtools.crest.model.design.logical.Relation" name="oper_ship_fk" directorySegmentName="seg_0" id="600734BB-AF29-28FA-6EBB-F997823B1B93">
<createdBy>user</createdBy>
<createdTime>2025-04-21 14:38:03 UTC</createdTime>
<ownerDesignName>oo_logical</ownerDesignName>
<engineerTo>
<item key="2EBC1521-E661-E1B6-F56B-8ADC1924AA31" value="true"/>
</engineerTo>
<sourcePk>D15263BC-A354-FB3C-FF65-2649242CFB7A</sourcePk>
<identifying>false</identifying>
<nameOnSource>operates</nameOnSource>
<nameOnTarget> </nameOnTarget>
<optionalSource>false</optionalSource>
<optionalTarget>false</optionalTarget>
<sourceCardinality>1</sourceCardinality>
<sourceEntity>4A242ECB-89C4-F434-1D90-E7250863917C</sourceEntity>
<targetCardinalityString>*</targetCardinalityString>
<targetEntity>B8B5F59B-0D17-9D16-06DA-0191232CB472</targetEntity>
<transferable>true</transferable>
<deleteRule>NO ACTION</deleteRule>
</Relation>
