<?xml version = '1.0' encoding = 'UTF-8'?>
<Relation class="oracle.dbtools.crest.model.design.logical.Relation" name="cruise_itinerary_fk" directorySegmentName="seg_0" id="8938FBC5-1954-8BEA-9F20-B3459B554123">
<createdBy>user</createdBy>
<createdTime>2025-04-22 12:31:08 UTC</createdTime>
<ownerDesignName>oo_logical</ownerDesignName>
<engineerTo>
<item key="2EBC1521-E661-E1B6-F56B-8ADC1924AA31" value="true"/>
</engineerTo>
<sourcePk>C984204C-B957-5191-EDC5-D3A59AFC0F8A</sourcePk>
<identifying>true</identifying>
<nameOnSource>has </nameOnSource>
<nameOnTarget> </nameOnTarget>
<optionalSource>false</optionalSource>
<optionalTarget>false</optionalTarget>
<sourceCardinality>1</sourceCardinality>
<sourceEntity>8BD2BA17-FC4B-1A30-BA16-97FF2CFD7D03</sourceEntity>
<targetCardinalityString>*</targetCardinalityString>
<targetEntity>435E22A9-7838-D765-5912-A5C6C22A7DC7</targetEntity>
<transferable>true</transferable>
<deleteRule>NO ACTION</deleteRule>
</Relation>
