<?xml version = '1.0' encoding = 'UTF-8'?>
<Relation class="oracle.dbtools.crest.model.design.logical.Relation" name="country_ship_fk" directorySegmentName="seg_0" id="8CFA4AAD-1357-59D7-43AB-D9409C593466">
<createdBy>user</createdBy>
<createdTime>2025-04-30 06:57:24 UTC</createdTime>
<ownerDesignName>oo_logical</ownerDesignName>
<engineerTo>
<item key="2EBC1521-E661-E1B6-F56B-8ADC1924AA31" value="true"/>
</engineerTo>
<sourcePk>2A3C6164-9131-A886-C504-6A3501E37FD5</sourcePk>
<identifying>false</identifying>
<nameOnSource>produce</nameOnSource>
<nameOnTarget> </nameOnTarget>
<optionalSource>true</optionalSource>
<optionalTarget>false</optionalTarget>
<sourceCardinality>1</sourceCardinality>
<sourceEntity>04D4779B-CA61-0448-D5C3-BF259BC3A49A</sourceEntity>
<targetCardinalityString>*</targetCardinalityString>
<targetEntity>B8B5F59B-0D17-9D16-06DA-0191232CB472</targetEntity>
<transferable>true</transferable>
<deleteRule>NO ACTION</deleteRule>
</Relation>
