<?xml version = '1.0' encoding = 'UTF-8'?>
<Relation class="oracle.dbtools.crest.model.design.logical.Relation" name="pass_pass_fk" directorySegmentName="seg_0" id="AB130163-10DD-72DD-C7F6-435F41D81F33">
<createdBy>user</createdBy>
<createdTime>2025-04-21 16:08:25 UTC</createdTime>
<ownerDesignName>oo_logical</ownerDesignName>
<engineerTo>
<item key="2EBC1521-E661-E1B6-F56B-8ADC1924AA31" value="true"/>
</engineerTo>
<targetPk>3A0F181A-6487-5869-B292-7A6F5C595BE5</targetPk>
<identifying>false</identifying>
<nameOnSource>is_guardian_of</nameOnSource>
<nameOnTarget> </nameOnTarget>
<optionalSource>true</optionalSource>
<optionalTarget>true</optionalTarget>
<sourceCardinality>1</sourceCardinality>
<sourceEntity>3AAF9463-60BC-A909-111F-2B6382D02340</sourceEntity>
<targetCardinalityString>*</targetCardinalityString>
<targetEntity>3AAF9463-60BC-A909-111F-2B6382D02340</targetEntity>
<transferable>true</transferable>
<deleteRule>NO ACTION</deleteRule>
</Relation>
